"Plot","Tag","X..cm.","Y..cm.","Tag.offset.x","Tag.offset.y","Taxon","Length..cm."
1,1,20,100,-10,-10,"Ivesia gordonii",1
1,2,7,169,-10,-10,"Ivesia gordonii",5
1,3,104,19,-10,-10,"Ivesia gordonii",14
1,4,102,26,-10,-10,"Ivesia gordonii",9
1,5,153,8,-10,-10,"Ivesia gordonii",13
1,6,127,55,-10,-10,"Ivesia gordonii",12
1,7,198,25,-10,-10,"Ivesia gordonii",9
1,8,194,53,-10,-10,"Ivesia gordonii",13
1,9,177,85,-10,-10,"Ivesia gordonii",12
1,10,185,94,-10,0,"Ivesia gordonii",5
1,11,195,93,-10,-10,"Ivesia gordonii",7
1,12,195,122,-10,-10,"Ivesia gordonii",14
1,13,192,126,-10,-10,"Ivesia gordonii",9
1,14,20,130,10,0,"Lupinus argenteus",34
1,15,195,144,-10,-10,"Ivesia gordonii",18
1,16,198,165,-10,-10,"Ivesia gordonii",18
2,17,108,174,-10,-10,"Ivesia gordonii",1
3,18,105,125,-10,-10,"Eriogonum umbellatum",29
3,19,66,98,-10,-10,"Ivesia gordonii",1
4,NA,NA,NA,-10,-10,"NA NA",NA
5,20,25,28,-10,-10,"Lupinus argenteus",23
5,21,33,40,-10,0,"Lupinus argenteus",22
5,22,48,60,-10,-10,"Lupinus argenteus",7
5,23,27,54,-10,0,"Lupinus argenteus",7
5,24,25,65,-10,-10,"Lupinus argenteus",23
5,25,22,70,-10,-10,"Lupinus argenteus",12
5,26,105,45,-10,-10,"Eriogonum umbellatum",30
5,27,200,20,-10,-10,"Ivesia gordonii",9
5,28,130,68,-10,-10,"Ivesia gordonii",8
5,29,5,123,-10,-10,"Ivesia gordonii",8
5,30,55,170,-10,-10,"Lupinus argenteus",12
5,31,57,185,-10,-10,"Lupinus argenteus",12
5,32,98,155,-10,-10,"Lupinus argenteus",11
5,33,105,155,-10,-10,"Lupinus argenteus",8
5,34,100,180,-10,-10,"Lupinus argenteus",11
5,35,150,130,-10,-10,"Eriogonum umbellatum",19
5,36,155,115,-10,-10,"Heterotheca villosa",10
5,37,160,118,-10,-10,"Eriogonum umbellatum",11
5,38,170,110,-10,-10,"Eriogonum umbellatum",41
5,39,190,105,-10,-10,"Eriogonum umbellatum",30
5,40,190,120,0,10,"Heterotheca villosa",7
5,41,175,130,0,10,"Elymus lanceolatus",9
6,43,195,25,-10,-10,"Ivesia gordonii",18
6,44,125,45,-10,-10,"Eriogonum umbellatum",26
6,45,120,55,-10,0,"Elymus lanceolatus",11
6,46,135,50,10,0,"Elymus lanceolatus",4
6,47,70,90,-10,-10,"Ivesia gordonii",13
6,48,70,105,-10,-10,"Ivesia gordonii",19
6,49,155,160,-10,-10,"Ivesia gordonii",5
6,50,154,158,-10,-10,"Ivesia gordonii",1
6,51,130,110,10,0,"Ivesia gordonii",10
7,52,135,80,-10,-10,"Ivesia gordonii",7
8,53,15,80,-10,-10,"Ivesia gordonii",1
8,54,30,110,-10,-10,"Lupinus argenteus",7
8,55,35,140,-10,-10,"Ivesia gordonii",4
8,56,35,175,-10,-10,"Lupinus argenteus",12
8,57,40,195,-10,-10,"Lupinus argenteus",10
8,58,60,180,-10,-10,"Lupinus argenteus",6
8,59,75,190,-10,-10,"Lupinus argenteus",22
8,60,80,190,-10,-10,"Lupinus argenteus",7
8,61,100,195,10,0,"Lupinus argenteus",14
8,62,75,160,-10,-10,"Lupinus argenteus",19
8,63,90,170,-10,0,"Lupinus argenteus",17
8,64,95,170,-10,-10,"Lupinus argenteus",28
8,65,105,170,-10,-10,"Lupinus argenteus",32
8,66,105,170,0,10,"Eriogonum umbellatum",4
8,67,170,195,-10,-10,"Phacelia hastata",14
8,68,160,180,-10,-10,"Lupinus argenteus",19
8,69,180,175,0,10,"Lupinus argenteus",12
8,70,170,170,-10,-10,"Lupinus argenteus",22
8,71,160,175,0,10,"Lupinus argenteus",6
8,72,165,160,-10,-10,"Lupinus argenteus",27
8,73,165,150,-10,-10,"Lupinus argenteus",13
8,74,175,150,10,0,"Lupinus argenteus",32
8,75,180,125,-10,-10,"Lupinus argenteus",10
8,76,175,115,-10,-10,"Ivesia gordonii",6
8,77,145,100,-10,-10,"Ivesia gordonii",8
8,78,180,85,-10,-10,"Eriogonum umbellatum",18
8,79,190,90,10,0,"Ivesia gordonii",16
8,80,105,90,-10,-10,"Lupinus argenteus",23
8,81,95,85,-10,-10,"Ivesia gordonii",2
8,82,130,50,-10,-10,"Lupinus argenteus",21
9,83,60,75,-10,-10,"Ivesia gordonii",4
9,84,65,160,-10,-10,"Lupinus argenteus",13
9,85,135,175,-10,-10,"Ivesia gordonii",6
9,86,180,150,-10,-10,"Elymus lanceolatus",11
9,87,190,90,-10,-10,"Ivesia gordonii",10
9,88,185,15,-10,-10,"Heterotheca villosa",1
9,89,115,25,-10,-10,"Lupinus argenteus",13
10,90,40,30,-10,-10,"Lupinus argenteus",20
10,91,45,45,-10,0,"Lupinus argenteus",26
10,92,20,75,-10,-10,"Lupinus argenteus",17
10,93,10,100,-10,-10,"Lupinus argenteus",10
10,94,20,115,-10,-10,"Lupinus argenteus",7
10,95,30,120,-10,-10,"Lupinus argenteus",16
10,96,70,120,-10,-10,"Lupinus argenteus",9
10,97,55,80,-10,-10,"Lupinus argenteus",10
10,98,55,70,-10,-10,"Lupinus argenteus",1
10,99,55,60,-10,-10,"Lupinus argenteus",12
10,100,70,60,-10,-10,"Lupinus argenteus",8
10,101,70,45,-10,-10,"Lupinus argenteus",23
10,102,60,40,-10,-10,"Lupinus argenteus",8
10,103,80,60,-10,-10,"Lupinus argenteus",8
10,104,95,50,-10,-10,"Lupinus argenteus",11
10,105,80,45,-10,-10,"Lupinus argenteus",13
10,106,85,40,10,0,"Lupinus argenteus",19
10,107,80,35,-10,-10,"Lupinus argenteus",16
10,108,105,45,-10,-10,"Elymus lanceolatus",11
10,109,80,60,-10,-10,"Lupinus argenteus",11
10,110,100,10,-10,-10,"Lupinus argenteus",13
10,111,140,65,-10,-10,"Ivesia gordonii",12
10,112,120,80,-10,-10,"Ivesia gordonii",3
10,113,115,95,-10,-10,"Ivesia gordonii",6
10,114,110,110,-10,-10,"Eriogonum umbellatum",2
10,115,105,100,-10,-10,"Ivesia gordonii",16
11,116,70,150,-10,-10,"Ivesia gordonii",3
11,117,80,30,-10,-10,"Lupinus argenteus",37
11,118,85,20,-10,-10,"Ivesia gordonii",3
11,119,90,15,-10,-10,"Lupinus argenteus",14
11,120,95,10,-10,-10,"Lupinus argenteus",10
11,121,100,35,-10,-10,"Eriogonum umbellatum",22
12,122,140,180,-10,-10,"Ivesia gordonii",14
12,123,135,175,-10,-10,"Ivesia gordonii",24
12,124,150,100,-10,-10,"Elymus lanceolatus",16
12,125,150,100,0,10,"Phacelia hastata",3
12,126,155,100,0,-10,"Phacelia hastata",9
13,127,25,45,-10,-10,"Heterotheca villosa",58
13,128,10,45,-10,-10,"Elymus lanceolatus",4
13,129,15,20,-10,-10,"Eriogonum umbellatum",1
13,130,10,45,-10,-10,"Elymus lanceolatus",1
13,131,30,55,-10,-10,"Eriogonum umbellatum",2
13,132,75,120,-10,-10,"Heterotheca villosa",23
13,133,100,125,-10,-10,"Elymus lanceolatus",5
13,134,100,130,-10,0,"Elymus lanceolatus",4
13,135,105,135,10,10,"Elymus lanceolatus",8
13,136,140,130,-10,-10,"Elymus lanceolatus",6
13,137,145,130,-10,-10,"Elymus lanceolatus",16
13,138,NA,NA,-10,-10,"NA NA",NA
13,139,155,60,-10,-10,"Eriogonum umbellatum",41
13,140,145,60,-10,-10,"Elymus lanceolatus",2
13,141,150,60,-10,-10,"Chaenactis douglasii",7
13,142,150,60,0,-10,"Elymus lanceolatus",9
13,143,150,65,0,10,"Elymus lanceolatus",9
13,144,160,65,10,10,"Elymus lanceolatus",5
13,145,95,25,-10,-10,"Heterotheca villosa",28
14,146,65,10,-10,-10,"Lupinus argenteus",10
14,147,80,10,-10,-10,"Lupinus argenteus",5
14,148,85,75,-10,-10,"Heterotheca villosa",60
14,149,85,55,-10,-10,"Eriogonum umbellatum",22
14,150,70,50,-10,-10,"Elymus lanceolatus",6
14,151,80,65,-10,-10,"Elymus lanceolatus",3
14,152,75,70,-10,-10,"Elymus lanceolatus",4
14,153,85,85,-10,-10,"Elymus lanceolatus",17
14,154,80,85,-10,10,"Elymus lanceolatus",10
14,155,85,90,0,10,"Elymus lanceolatus",11
14,156,150,110,-10,-10,"Eriogonum umbellatum",73
14,157,140,115,-10,-10,"Elymus lanceolatus",13
14,158,145,120,-10,-10,"Elymus lanceolatus",8
14,159,150,110,-10,-10,"Elymus lanceolatus",6
14,160,155,110,10,-10,"Elymus lanceolatus",7
14,161,150,125,0,-10,"Elymus lanceolatus",7
14,162,155,125,0,-10,"Elymus lanceolatus",8
14,163,170,130,-10,-10,"Elymus lanceolatus",6
14,164,175,130,-10,-10,"Elymus lanceolatus",9
15,165,70,50,-10,-10,"Ivesia gordonii",13
15,166,70,50,-10,-10,"Lupinus argenteus",1
15,167,55,85,-10,-10,"Eriogonum umbellatum",8
15,168,85,90,-10,-10,"Eriogonum umbellatum",11
15,169,55,105,-10,-10,"Lupinus argenteus",15
15,170,55,115,-10,-10,"Lupinus argenteus",10
15,171,65,120,-10,-10,"Lupinus argenteus",10
15,172,35,130,-10,-10,"Lupinus argenteus",21
15,173,45,195,-10,-10,"Ivesia gordonii",11
15,174,55,180,-10,-10,"Lupinus argenteus",17
15,175,75,185,-10,-10,"Ivesia gordonii",12
15,176,75,175,-10,-10,"Ivesia gordonii",6
15,177,85,170,-10,-10,"Ivesia gordonii",13
15,178,90,165,-10,-10,"Ivesia gordonii",5
15,179,95,165,-10,-10,"Ivesia gordonii",11
15,180,85,175,0,-10,"Lupinus argenteus",25
15,181,100,180,0,-10,"Lupinus argenteus",25
15,182,105,165,0,-10,"Lupinus argenteus",16
15,183,120,170,-10,-10,"Lupinus argenteus",15
15,184,130,180,-10,-10,"Lupinus argenteus",17
15,185,175,175,-10,-10,"Lupinus argenteus",13
15,186,180,170,-10,-10,"Lupinus argenteus",14
15,189,185,170,-10,-10,"Lupinus argenteus",6
15,188,190,165,-10,-10,"Lupinus argenteus",20
15,187,180,160,-10,-10,"Agoseris glauca",10
15,190,195,170,-10,-10,"Ivesia gordonii",6
15,191,200,115,-10,-10,"Lupinus argenteus",14
15,192,185,95,-10,-10,"Lupinus argenteus",13
15,193,175,85,-10,-10,"Lupinus argenteus",8
15,194,180,105,-10,-10,"Lupinus argenteus",7
15,195,165,100,-10,-10,"Lupinus argenteus",22
15,196,120,95,0,10,"Ivesia gordonii",14
15,197,115,90,-10,-10,"Ivesia gordonii",2
15,198,115,80,-10,-10,"Arenaria congesta",4
15,199,130,70,-10,-10,"Lupinus argenteus",16
15,200,125,40,-10,-10,"Lupinus argenteus",19
15,201,135,50,-10,-10,"Lupinus argenteus",35
15,202,155,40,-10,-10,"Lupinus argenteus",17
15,203,185,55,-10,-10,"Lupinus argenteus",18
15,204,95,10,-10,-10,"Lupinus argenteus",19
15,205,110,10,-10,-10,"Lupinus argenteus",14
15,206,145,30,-10,-10,"Lupinus argenteus",12
15,207,155,25,-10,-10,"Lupinus argenteus",13
15,208,160,25,-10,-10,"Lupinus argenteus",25
15,209,165,20,-10,-10,"Lupinus argenteus",21
15,210,185,20,-10,-10,"Lupinus argenteus",17
15,211,200,25,-10,-10,"Lupinus argenteus",8
15,212,195,15,-10,-10,"Lupinus argenteus",2
15,213,155,5,-10,-10,"Lupinus argenteus",17
15,214,170,5,-10,-10,"Lupinus argenteus",5
16,215,10,0,0,10,"Lupinus argenteus",28
16,216,5,30,0,-10,"Lupinus argenteus",12
16,217,58,10,-10,-10,"Lupinus argenteus",27
16,218,50,20,-10,-10,"Lupinus argenteus",7
16,219,42,25,-10,-10,"Lupinus argenteus",11
16,220,37,34,-10,-10,"Lupinus argenteus",16
16,221,25,45,0,-10,"Lupinus argenteus",18
16,222,56,40,0,-10,"Lupinus argenteus",16
16,223,45,45,-10,-10,"Lupinus argenteus",26
16,224,37,45,-10,-10,"Lupinus argenteus",7
16,225,35,58,-10,-10,"Lupinus argenteus",11
16,226,44,52,-10,-10,"Lupinus argenteus",18
16,227,46,62,-10,-10,"Lupinus argenteus",17
16,228,36,65,-10,-10,"Lupinus argenteus",14
16,229,33,65,-10,-10,"Lupinus argenteus",11
16,230,24,70,-10,-10,"Lupinus argenteus",14
16,231,18,73,-10,-10,"Lupinus argenteus",19
16,232,38,73,-10,-10,"Lupinus argenteus",16
16,233,40,70,-10,-10,"Lupinus argenteus",15
16,234,45,81,-10,-10,"Lupinus argenteus",20
16,235,40,85,-10,-10,"Lupinus argenteus",30
16,236,23,95,-10,-10,"Lupinus argenteus",34
16,237,48,95,-10,-10,"Lupinus argenteus",14
16,238,37,108,-10,-10,"Lupinus argenteus",14
16,239,24,110,-10,-10,"Ivesia gordonii",1
16,240,5,105,0,-10,"Lupinus argenteus",19
16,241,5,115,-10,-10,"Lupinus argenteus",12
16,242,3,120,-10,-10,"Lupinus argenteus",29
16,243,22,120,-10,-10,"Lupinus argenteus",34
16,244,35,135,-10,-10,"Lupinus argenteus",20
16,279,30,100,10,10,"Elymus lanceolatus",7
16,245,74,90,-10,-10,"Lupinus argenteus",15
16,246,65,74,-10,-10,"Lupinus argenteus",29
16,247,85,60,-10,-10,"Lupinus argenteus",25
16,248,80,45,-10,-10,"Lupinus argenteus",22
16,249,83,35,-10,-10,"Lupinus argenteus",16
16,250,95,30,-10,-10,"Lupinus argenteus",20
16,251,107,35,-10,-10,"Lupinus argenteus",7
16,252,115,55,-10,-10,"Lupinus argenteus",30
16,243,127,45,-10,-10,"Lupinus argenteus",22
16,280,127,45,-10,-10,"Phacelia hastata",6
16,281,137,40,-10,-10,"Lupinus argenteus",17
16,254,135,50,0,10,"Lupinus argenteus",18
16,255,123,65,0,5,"Lupinus argenteus",13
16,256,131,40,-10,-10,"Lupinus argenteus",14
16,257,135,50,10,10,"Lupinus argenteus",13
16,258,133,36,-10,-10,"Lupinus argenteus",16
16,259,148,40,10,10,"Lupinus argenteus",17
16,260,147,32,-10,-10,"Lupinus argenteus",26
16,261,162,40,0,-5,"Lupinus argenteus",27
16,262,195,60,-10,-10,"Lupinus argenteus",28
16,263,175,85,-10,-10,"Lupinus argenteus",37
16,264,175,100,-10,-10,"Lupinus argenteus",5
16,265,155,85,-10,-10,"Lupinus argenteus",13
16,266,155,90,-10,-10,"Lupinus argenteus",13
16,267,152,100,-5,0,"Lupinus argenteus",15
16,268,145,120,-10,-10,"Lupinus argenteus",25
16,269,160,115,-10,-10,"Lupinus argenteus",12
16,270,175,115,-10,-10,"Lupinus argenteus",8
16,271,155,130,-10,-10,"Lupinus argenteus",24
16,272,190,115,-10,-10,"Lupinus argenteus",10
16,273,180,130,-10,-10,"Lupinus argenteus",13
16,274,185,150,-10,-10,"Lupinus argenteus",10
16,275,160,180,-10,-10,"Ivesia gordonii",3
16,276,155,190,-10,-10,"Lupinus argenteus",5
16,277,50,155,-10,-10,"Lupinus argenteus",15
16,278,55,200,-10,-10,"Lupinus argenteus",14
17,282,31,10,-10,-10,"Lupinus argenteus",5
17,283,12,44,-10,-10,"Lupinus argenteus",17
17,284,10,1,-10,-10,"Lupinus argenteus",3
17,285,20,80,-10,-10,"Eriogonum umbellatum",67
17,286,2,87,0,-10,"Heterotheca villosa",4
17,287,23,82,-10,-10,"Elymus lanceolatus",12
17,288,20,89,-10,-10,"Elymus lanceolatus",10
17,289,29,85,10,0,"Elymus lanceolatus",9
17,290,25,95,-10,-10,"Elymus lanceolatus",5
17,291,36,100,-10,-10,"Elymus lanceolatus",6
17,292,35,100,5,-5,"Elymus lanceolatus",6
17,293,30,105,5,0,"Elymus lanceolatus",3
17,294,40,123,-10,-10,"Lupinus argenteus",7
17,295,28,140,-10,-10,"Lupinus argenteus",11
17,296,28,183,-10,-10,"Lupinus argenteus",7
17,297,40,183,-10,-10,"Lupinus argenteus",8
17,298,45,110,-10,-10,"Lupinus argenteus",6
17,299,70,110,-10,-10,"Lupinus argenteus",8
17,300,80,110,-10,-10,"Lupinus argenteus",7
17,301,90,110,-10,-10,"Lupinus argenteus",2
17,302,92,140,-10,-10,"Lupinus argenteus",3
17,303,95,125,-10,-10,"Lupinus argenteus",6
17,304,51,15,-10,-10,"Lupinus argenteus",2
17,305,65,1,-5,0,"Lupinus argenteus",4
17,306,65,10,-5,0,"Heterotheca villosa",10
17,307,80,40,-10,-10,"Lupinus argenteus",13
17,308,95,40,-10,-10,"Lupinus argenteus",6
17,309,75,60,-10,-10,"Lupinus argenteus",16
17,310,85,60,-10,-10,"Lupinus argenteus",14
17,311,75,70,-10,-10,"Lupinus argenteus",8
17,312,75,73,0,5,"Lupinus argenteus",6
17,313,85,80,0,5,"Lupinus argenteus",6
17,314,90,70,0,-10,"Lupinus argenteus",18
17,315,105,80,-10,-10,"Lupinus argenteus",8
17,316,130,55,-10,-10,"Lupinus argenteus",10
17,317,NA,NA,-10,-10,"NA NA",NA
17,318,149,50,-10,-10,"Lupinus argenteus",12
17,319,110,15,-10,-10,"Lupinus argenteus",5
17,320,110,17,-10,10,"Lupinus argenteus",0.5
17,321,111,18,10,10,"Lupinus argenteus",1
17,322,117,15,-10,-10,"Lupinus argenteus",7
17,323,199,130,-10,0,"Lupinus argenteus",16
17,324,150,105,-10,-10,"Lupinus argenteus",1
17,325,199,175,-10,-10,"Ivesia gordonii",12
17,326,155,150,-10,-10,"Lupinus argenteus",3
17,327,115,160,-10,-10,"Lupinus argenteus",8
18,328,31,11,-10,-10,"Ivesia gordonii",11
18,329,37,12,-10,-10,"Ivesia gordonii",12
18,330,45,75,-10,-10,"Eriogonum umbellatum",32
18,331,30,90,-10,-10,"Ivesia gordonii",13
18,332,35,85,-10,-10,"Ivesia gordonii",8
18,333,40,80,-10,-10,"Ivesia gordonii",9
18,334,40,75,-10,-10,"Elymus lanceolatus",3
18,335,85,80,-10,-10,"Ivesia gordonii",14
18,336,90,100,-10,-10,"Elymus lanceolatus",8
18,337,180,160,-10,-10,"Ivesia gordonii",8
18,338,102,50,-10,-10,"Ivesia gordonii",14
18,339,145,195,-10,-10,"Heterotheca villosa",22
19,340,55,15,-10,-10,"Ivesia gordonii",11
19,341,77,28,-10,-10,"Ivesia gordonii",10
19,342,105,20,-33,-17,"Eriogonum umbellatum",110
19,343,103,10,-10,-10,"Senecio crassulus",5
19,344,100,35,-20,5,"Heterotheca villosa",58
19,345,95,30,-10,-10,"Lupinus argenteus",13
19,346,110,15,-10,-10,"Elymus lanceolatus",10
19,347,146,15,10,0,"Elymus lanceolatus",7
19,348,125,65,-10,-10,"Ivesia gordonii",16
19,349,185,62,-10,-10,"Heterotheca villosa",39
19,350,187,55,-10,-10,"Eriogonum umbellatum",3
19,351,170,65,-10,-10,"Ivesia gordonii",4
19,352,175,70,-10,-10,"Ivesia gordonii",3
19,353,105,95,-10,-10,"Eriogonum umbellatum",10
19,354,105,100,-10,-10,"Ivesia gordonii",7
19,355,105,105,-5,0,"Ivesia gordonii",8
19,373,105,105,0,10,"Ivesia unknown",2
19,356,110,100,5,0,"Ivesia gordonii",7
19,357,95,105,-5,0,"Ivesia gordonii",1
19,358,165,100,-10,-10,"Ivesia gordonii",5
19,359,145,105,-10,-10,"Eriogonum umbellatum",2
19,360,130,107,-10,-10,"Ivesia gordonii",0.5
19,361,170,107,-10,-10,"Ivesia gordonii",2
19,362,160,110,-10,-10,"Ivesia gordonii",1
19,363,160,120,-10,0,"Heterotheca villosa",10
19,364,165,130,-5,0,"Eriogonum umbellatum",4
19,365,155,140,-5,0,"Ivesia gordonii",10
19,366,165,140,10,0,"Elymus lanceolatus",13
19,367,170,160,-10,-10,"Eriogonum umbellatum",1
19,368,115,185,-10,-10,"Eriogonum umbellatum",34
19,369,100,145,-10,-10,"Heterotheca villosa",5
19,370,85,145,-10,-10,"Eriogonum umbellatum",8
19,371,80,155,-10,-10,"Ivesia gordonii",16
19,372,5,75,0,-10,"Ivesia gordonii",22
20,374,5,12,0,-10,"Ivesia gordonii",10
20,375,8,8,10,0,"Eriogonum umbellatum",4
20,376,8,18,5,-5,"Lupinus argenteus",14
20,377,14,24,5,-5,"Lupinus argenteus",16
20,378,20,27,5,-5,"Lupinus argenteus",8
20,389,16,30,5,0,"Lupinus argenteus",2
20,380,17,35,5,0,"Arenaria congesta",1
20,381,20,45,-10,-10,"Lupinus argenteus",9
20,382,12,37,0,5,"Ivesia gordonii",0.5
20,383,13,30,-10,-10,"Lupinus argenteus",10
20,384,0,30,0,-10,"Lupinus argenteus",20
20,385,5,30,0,-10,"Lupinus argenteus",10
20,441,2,6,0,10,"Eriogonum umbellatum",0.5
20,386,23,39,5,-5,"Arenaria congesta",1
20,387,28,35,5,-5,"Arenaria congesta",1
20,388,10,49,5,-5,"Lupinus argenteus",2
20,391,18,58,10,0,"Lupinus argenteus",11
20,390,25,45,0,5,"Lupinus argenteus",14
20,392,43,70,-10,-10,"Ivesia gordonii",19
20,393,42,55,5,0,"Heterotheca villosa",0.5
20,394,49,55,5,0,"Eriogonum umbellatum",0.5
20,395,49,55,5,0,"Eriogonum umbellatum",0.5
20,396,55,50,-10,-10,"Lupinus argenteus",21
20,397,58,43,-10,-10,"Lupinus argenteus",18
20,398,55,26,-10,-10,"Ivesia gordonii",12
20,399,57,22,-10,-10,"Ivesia gordonii",10
20,400,43,10,-5,-2,"Eriogonum umbellatum",28
20,401,41,1,-10,0,"Chaenactis douglasii",6
20,402,77,20,-10,-10,"Arenaria congesta",18
20,403,74,25,-10,-10,"Elymus lanceolatus",7
20,404,75,25,-10,-10,"Arenaria congesta",11
20,405,102,15,-10,-10,"Arenaria congesta",10
20,406,65,47,-10,-10,"Senecio crassulus",6
20,407,70,55,-10,-10,"Eriogonum umbellatum",3
20,408,97,18,-10,-10,"Elymus lanceolatus",5
20,409,92,21,-10,-10,"Elymus lanceolatus",4
20,410,110,21,-10,-10,"Elymus lanceolatus",12
20,411,125,100,-10,-10,"Heterotheca villosa",23
20,412,140,110,0,1,"Eriogonum umbellatum",43
20,413,125,90,-10,-10,"Elymus lanceolatus",7
20,414,125,87,3,0,"Elymus lanceolatus",3
20,415,125,82,-10,-10,"Elymus lanceolatus",11
20,416,130,90,0,-10,"Elymus lanceolatus",6
20,417,135,95,10,-10,"Elymus lanceolatus",4
20,418,135,100,10,0,"Elymus lanceolatus",3
20,419,190,145,-10,-10,"Lupinus argenteus",19
20,420,180,170,-10,-10,"Lupinus argenteus",18
20,421,160,170,-10,-10,"Lupinus argenteus",2
20,422,180,180,-10,-10,"Lupinus argenteus",15
20,423,175,185,-10,-10,"Ivesia gordonii",15
20,424,155,185,-10,-10,"Lupinus argenteus",4
20,425,150,185,-10,-10,"Lupinus argenteus",4
20,389,175,185,-10,-10,"Elymus lanceolatus",12
20,426,180,198,-10,-10,"Chaenactis douglasii",2
20,427,165,193,-10,-10,"Lupinus argenteus",26
20,428,165,198,-10,-10,"Lupinus argenteus",24
20,429,105,198,-10,-10,"Lupinus argenteus",0.5
20,430,110,195,-10,-10,"Lupinus argenteus",11
20,431,100,175,-10,-10,"Lupinus argenteus",15
20,432,35,190,-10,-10,"Ivesia gordonii",7
20,433,10,175,-10,-10,"Ivesia gordonii",9
20,434,1,160,-10,-10,"Ivesia gordonii",7
20,435,10,152,-10,-10,"Ivesia gordonii",12
20,436,0,80,0,-10,"Eriogonum umbellatum",46
20,437,1,85,0,-10,"Senecio crassulus",7
20,438,5,78,0,-5,"Elymus lanceolatus",6
20,439,5,85,10,10,"Elymus lanceolatus",10
20,440,13,84,10,0,"Elymus lanceolatus",6
20,442,1,80,0,-10,"Achnatherum lettermanii",7
20,443,0,85,0,-15,"Pseudocymopterus montanus",10
21,444,85,90,-10,-10,"Eriogonum umbellatum",32
21,445,65,80,-10,-10,"Heterotheca villosa",1
21,446,140,30,-10,-10,"Eriogonum umbellatum",20
21,447,140,40,5,5,"Elymus lanceolatus",7
21,448,135,30,-5,0,"Elymus lanceolatus",7
21,449,180,160,0,-10,"Ivesia gordonii",2
21,450,175,160,-10,-10,"Eriogonum umbellatum",0.5
21,451,155,110,-10,-10,"NA NA",0.5
21,452,165,160,-10,-10,"Eriogonum umbellatum",0.5
21,453,135,130,-10,-10,"Eriogonum umbellatum",0.5
21,454,130,16,-10,-10,"Eriogonum umbellatum",0.5
21,455,90,130,-10,-10,"Eriogonum umbellatum",0.5
21,456,105,180,-10,-10,"Eriogonum umbellatum",0.5
21,457,160,180,-10,-10,"Eriogonum umbellatum",0.5
21,458,150,200,-10,-10,"Eriogonum umbellatum",43
21,459,140,200,-10,-10,"Eriogonum umbellatum",6
21,460,35,140,-10,-10,"Eriogonum umbellatum",63
21,461,40,160,-10,-10,"Heterotheca villosa",4
21,462,30,140,-10,-10,"Heterotheca villosa",9
21,463,30,155,-10,-10,"Achnatherum lettermanii",8
21,464,40,135,-10,-10,"Achnatherum lettermanii",6
21,465,35,128,-10,-10,"Achnatherum lettermanii",3
22,466,65,0,0,0,"Eriogonum umbellatum",51
22,467,52,34,-10,-10,"Eriogonum umbellatum",6
22,468,125,45,-10,-10,"Eriogonum umbellatum",90
22,469,120,55,-10,-10,"Heterotheca villosa",30
22,470,15,50,-10,-10,"Elymus lanceolatus",16
22,471,25,170,-10,-10,"Ivesia gordonii",2
22,472,10,60,0,-10,"Eriogonum umbellatum",33
22,473,11,60,-5,-5,"Elymus lanceolatus",8
22,474,10,65,-5,-5,"Elymus lanceolatus",3
23,475,15,35,-10,-10,"Eriogonum umbellatum",4
23,476,72,30,-10,-10,"Heterotheca villosa",21
23,477,98,3,-10,-10,"Ivesia gordonii",13
23,478,75,70,-10,-10,"Eriogonum umbellatum",7
23,479,113,30,-10,-10,"Ivesia gordonii",4
23,480,105,70,-10,-10,"Ivesia gordonii",22
23,481,195,40,-10,-10,"Eriogonum umbellatum",50
23,482,193,40,-10,-10,"Elymus lanceolatus",6
23,483,185,50,-10,-10,"Senecio crassulus",10
23,490,185,55,-10,-10,"Elymus lanceolatus",6
23,484,195,55,0,-10,"Elymus lanceolatus",10
23,485,190,80,-10,-10,"Lupinus argenteus",32
23,486,180,110,-10,-10,"Lupinus argenteus",16
23,487,185,112,0,-10,"Lupinus argenteus",6
23,488,190,135,-10,-10,"Heterotheca villosa",23
23,489,115,160,-10,-10,"Ivesia gordonii",5
24,491,0,28,0,-5,"Eriogonum umbellatum",4
24,492,120,0,-10,0,"Eriogonum umbellatum",49
24,493,108,5,0,10,"Elymus lanceolatus",13
24,494,114,10,0,10,"Elymus lanceolatus",8
24,495,118,20,0,10,"Elymus lanceolatus",87
24,496,120,18,5,-5,"Elymus lanceolatus",2
24,497,120,10,5,-5,"Elymus lanceolatus",8
24,498,47,35,-10,-10,"Eriogonum umbellatum",9
24,499,155,35,-10,-10,"Elymus lanceolatus",4
24,500,160,50,10,0,"Elymus lanceolatus",28
24,501,160,50,10,0,"Senecio crassulus",17
24,502,160,50,-10,0,"Eriogonum umbellatum",0.5
24,503,175,85,-10,-10,"Elymus lanceolatus",14
24,504,185,90,-10,0,"Eriogonum umbellatum",30
24,505,195,130,-10,-10,"Lupinus argenteus",10
24,506,195,175,-10,-10,"Elymus lanceolatus",8
24,507,70,175,-10,-10,"Eriogonum umbellatum",63
24,508,70,165,-10,-10,"Senecio crassulus",3
24,509,80,175,-10,-10,"Heterotheca villosa",53
24,510,55,180,-10,-10,"Elymus lanceolatus",4
24,511,80,190,-10,-10,"Elymus lanceolatus",8
24,512,75,195,-10,-10,"Elymus lanceolatus",8
24,513,85,195,-10,-10,"Elymus lanceolatus",7
24,514,15,110,0,-10,"Eriogonum umbellatum",34
24,515,0,105,-10,-10,"Heterotheca villosa",5
24,516,15,110,-10,-10,"Elymus lanceolatus",11
24,517,20,115,10,10,"Elymus lanceolatus",24
25,518,18,13,-10,-10,"Lupinus argenteus",4
25,519,68,70,-10,-10,"Lupinus argenteus",10
25,520,70,70,-10,-10,"Lupinus argenteus",11
25,521,85,73,-10,-10,"Lupinus argenteus",5
25,522,88,55,-10,-10,"Lupinus argenteus",13
25,523,145,65,-10,-10,"Lupinus argenteus",10
25,524,155,95,-10,-10,"Lupinus argenteus",25
25,525,165,100,-10,-10,"Lupinus argenteus",21
25,527,170,105,-10,10,"Lupinus argenteus",9
25,526,165,100,10,-10,"Lupinus argenteus",7
25,528,175,108,-10,-10,"Lupinus argenteus",15
25,529,185,100,-10,-10,"Lupinus argenteus",20
25,530,195,103,0,-10,"Lupinus argenteus",18
26,NA,NA,NA,-10,-10,"NA NA",NA
27,531,85,0,-30,0,"Eriogonum umbellatum",82
27,532,112,5,-10,0,"Elymus lanceolatus",2
27,533,120,45,-10,-10,"Eriogonum umbellatum",19
27,534,162,25,-10,-10,"Heterotheca villosa",8
27,535,190,65,-10,-10,"Eriogonum umbellatum",57
27,536,105,80,-10,-10,"Eriogonum umbellatum",21
27,537,110,85,0,-10,"Heterotheca villosa",6
27,538,115,90,10,-10,"Eriogonum umbellatum",0.5
27,539,95,140,-10,-10,"Agoseris glauca",7
27,540,115,185,-10,-10,"Heterotheca villosa",16
27,541,30,180,-10,-10,"Agoseris glauca",6
27,542,30,180,-10,-10,"Achnatherum lettermanii",3
27,543,35,180,0,-10,"Heterotheca villosa",12
27,544,5,170,0,10,"Ivesia gordonii",10
27,545,10,162,10,-10,"Eriogonum umbellatum",8
27,562,11,162,10,-10,"Ivesia gordonii",1
27,546,5,152,10,-10,"Ivesia gordonii",3
27,547,2,150,0,-10,"Senecio crassulus",17
27,548,50,110,-10,-10,"Eriogonum umbellatum",80
27,549,65,105,0,-20,"Heterotheca villosa",60
27,550,20,125,-10,-10,"Elymus lanceolatus",14
27,551,30,120,-10,-10,"Agoseris glauca",6
27,552,55,85,-10,0,"Elymus lanceolatus",4
27,553,40,120,-10,-10,"Agoseris glauca",3
27,554,50,120,-10,-10,"Elymus lanceolatus",4
27,555,45,130,-10,-10,"Elymus lanceolatus",12
27,556,45,125,-10,-10,"Ivesia gordonii",0.5
27,557,60,125,-10,-10,"Elymus lanceolatus",10
27,558,55,90,-10,10,"Elymus lanceolatus",14
27,559,50,95,-10,-10,"Ivesia gordonii",1
27,560,60,90,10,0,"Ivesia gordonii",3
27,561,59,93,10,0,"Ivesia gordonii",3
28,563,35,40,-20,-30,"Eriogonum umbellatum",76
28,564,50,25,-20,-20,"Heterotheca villosa",50
28,565,1,15,0,-10,"Arnica latifolia",6
28,566,37,20,0,-5,"Elymus lanceolatus",4
28,567,45,30,10,-10,"Elymus lanceolatus",10
28,568,28,30,-10,-10,"Elymus lanceolatus",9
28,569,35,35,-10,-10,"Elymus lanceolatus",4
28,570,45,45,-10,-10,"Elymus lanceolatus",21
28,571,55,45,-10,-10,"Ivesia gordonii",4
28,572,15,38,0,-10,"Elymus lanceolatus",8
28,573,20,45,10,10,"Elymus lanceolatus",13
28,574,15,54,-10,10,"Pseudocymopterus montanus",9
28,575,10,50,-10,-10,"Elymus lanceolatus",6
28,576,15,45,-10,-10,"Elymus lanceolatus",10
28,577,25,65,5,5,"Elymus lanceolatus",6
28,578,145,25,-10,-10,"Ivesia gordonii",2
28,579,145,30,-10,-10,"Lupinus argenteus",13
28,580,155,60,-10,-10,"Ivesia gordonii",4
28,581,170,85,-10,-10,"Eriogonum umbellatum",7
28,582,160,95,-10,-10,"Ivesia gordonii",5
28,583,165,100,5,-5,"Ivesia gordonii",2
28,584,190,105,-10,-10,"Ivesia gordonii",4
28,585,170,105,-10,-10,"Ivesia gordonii",2
28,586,170,105,-10,-10,"Ivesia gordonii",11
28,587,170,110,-10,-10,"Eriogonum umbellatum",3
28,588,185,115,-10,-10,"Arenaria congesta",14
28,589,180,145,-10,-10,"Eriogonum umbellatum",32
28,590,180,130,-10,-10,"Ivesia gordonii",2
28,591,180,185,-10,-10,"Ivesia gordonii",16
28,592,145,130,-10,-10,"Eriogonum umbellatum",23
28,593,140,145,-10,-10,"Ivesia gordonii",9
28,594,150,130,10,0,"Agoseris glauca",8
28,595,150,128,10,0,"Elymus lanceolatus",8
28,596,145,130,10,10,"Elymus lanceolatus",10
28,597,135,140,-10,0,"Elymus lanceolatus",2
28,598,135,120,0,-10,"Phacelia hastata",2
28,599,145,105,0,-10,"Heterotheca villosa",4
28,600,130,95,-10,-10,"Ivesia gordonii",18
28,601,128,100,-10,-10,"Ivesia gordonii",2
28,602,130,110,-10,10,"Ivesia gordonii",2
28,603,130,108,-10,10,"Eriogonum umbellatum",0.5
28,604,110,105,-10,-10,"Ivesia gordonii",10
28,605,125,145,-10,-10,"Eriogonum umbellatum",33
28,606,125,143,-10,-10,"Ivesia gordonii",4
28,607,115,130,-10,-10,"Ivesia gordonii",10
28,608,120,133,-10,-10,"Phacelia hastata",6
28,609,90,145,-10,-10,"Eriogonum umbellatum",4
28,610,70,130,-10,-10,"Phacelia hastata",22
28,611,80,85,-10,-10,"Ivesia gordonii",3
28,612,75,90,-10,-10,"Ivesia gordonii",9
29,613,140,10,-10,0,"Lupinus argenteus",7
29,614,139,5,-10,0,"Lupinus argenteus",2
29,615,163,30,-10,-10,"Lupinus argenteus",2
29,616,166,31,-10,-10,"Lupinus argenteus",0.5
29,617,153,35,-10,-10,"Lupinus argenteus",4
29,618,154,40,-10,-10,"Lupinus argenteus",7
29,619,155,55,-10,-10,"Lupinus argenteus",8
29,620,195,50,-10,-10,"Lupinus argenteus",29
29,621,175,55,-10,-10,"Lupinus argenteus",8
29,622,178,63,-10,-10,"Lupinus argenteus",6
29,623,180,65,0,-5,"Lupinus argenteus",5
29,624,185,70,0,-10,"Lupinus argenteus",12
29,625,170,70,-10,-10,"Lupinus argenteus",6
29,626,170,80,-10,0,"Lupinus argenteus",25
29,627,180,80,10,10,"Lupinus argenteus",6
29,628,180,82,10,10,"Elymus lanceolatus",4
29,629,180,84,10,10,"Lupinus argenteus",14
29,630,182,75,-10,-10,"Lupinus argenteus",26
29,631,150,88,-10,-10,"Elymus lanceolatus",20
29,632,153,88,-10,-10,"Elymus lanceolatus",10
29,633,170,105,-10,-10,"Lupinus argenteus",23
29,634,140,105,-10,-10,"Lupinus argenteus",8
29,635,115,110,-10,-10,"Lupinus argenteus",19
29,636,110,115,-10,-10,"Lupinus argenteus",7
29,637,130,120,-10,-10,"Lupinus argenteus",5
29,638,134,122,-10,-10,"Lupinus argenteus",2
29,639,140,122,-10,-10,"Lupinus argenteus",15
29,640,170,150,-10,-10,"Lupinus argenteus",6
29,641,165,150,-10,-10,"Lupinus argenteus",13
29,642,140,180,-10,-10,"Lupinus argenteus",18
29,643,150,170,-10,-10,"Lupinus argenteus",19
29,644,155,195,-10,-10,"Lupinus argenteus",4
29,645,115,190,-10,-10,"Lupinus argenteus",3
29,646,80,190,-10,-10,"Ivesia gordonii",6
29,647,65,180,-10,-10,"Lupinus argenteus",23
29,648,70,170,-10,-10,"Lupinus argenteus",8
29,649,60,165,-10,-10,"Lupinus argenteus",4
29,650,65,165,-10,-10,"Lupinus argenteus",4
29,651,50,180,-10,-10,"Lupinus argenteus",29
29,652,35,181,-10,-10,"Lupinus argenteus",0.5
29,653,40,175,-10,-10,"Lupinus argenteus",11
29,654,5,170,0,10,"Chaenactis douglasii",7
29,655,30,155,-10,-10,"Eriogonum umbellatum",46
29,656,20,165,0,-10,"Elymus lanceolatus",12
29,657,30,165,-10,-10,"Elymus lanceolatus",8
29,658,15,175,-10,-10,"Elymus lanceolatus",3
29,659,30,164,-10,-10,"Elymus lanceolatus",5
29,660,31,172,-10,-10,"Elymus lanceolatus",6
30,661,45,100,-10,-10,"Elymus lanceolatus",13
31,662,62,65,-10,-10,"Phacelia hastata",10
31,663,130,20,-47,-10,"Eriogonum umbellatum",98
31,664,120,20,-10,-10,"Achnatherum lettermanii",9
31,666,121,10,-10,-10,"Achnatherum lettermanii",6
31,667,136,28,-10,-10,"Elymus lanceolatus",2
31,668,132,37,0,10,"Elymus lanceolatus",2
31,669,135,37,0,10,"Elymus lanceolatus",2
31,670,141,36,0,10,"Elymus lanceolatus",6
31,671,150,18,-10,-10,"Elymus lanceolatus",6
31,672,152,15,-10,-10,"Elymus lanceolatus",7
31,673,156,10,-10,-10,"Elymus lanceolatus",2
31,674,163,3,10,0,"Elymus lanceolatus",3
31,675,156,25,0,10,"Elymus lanceolatus",6
31,676,157,21,10,10,"Elymus lanceolatus",7
31,677,70,188,-10,-10,"Eriogonum umbellatum",34
31,678,60,190,-10,-10,"Achnatherum lettermanii",4
31,679,40,160,-10,-10,"Achnatherum lettermanii",9
31,680,4,58,-10,-10,"Eriogonum umbellatum",30
32,681,23,28,-10,-10,"Lupinus argenteus",6
32,682,61,15,-10,-10,"Ivesia gordonii",8
32,683,95,0,-10,0,"Eriogonum umbellatum",33
32,684,85,18,-10,-10,"Ivesia gordonii",6
32,685,136,3,-10,0,"Ivesia gordonii",5
32,686,125,70,-10,-10,"Eriogonum umbellatum",28
32,687,175,85,-10,-10,"Ivesia gordonii",16
32,688,120,145,-10,-10,"Ivesia gordonii",10
32,689,110,165,-10,-10,"Ivesia gordonii",7
32,690,40,140,-10,-10,"Ivesia gordonii",6
32,691,25,75,-10,-10,"Ivesia gordonii",5
33,692,28,50,-16,-25,"Eriogonum umbellatum",64
33,693,5,40,-10,-10,"Agoseris glauca",8
33,694,25,25,-10,-10,"Ivesia gordonii",2
33,695,28,47,-10,-10,"Achnatherum lettermanii",9
33,696,53,43,-10,-10,"Heterotheca villosa",9
33,697,58,20,-10,-10,"Ivesia gordonii",13
33,698,80,75,-10,-10,"Ivesia gordonii",10
33,699,103,30,-10,-10,"Ivesia gordonii",23
33,700,130,5,-10,0,"Ivesia gordonii",6
33,701,128,20,-10,-10,"Eriogonum umbellatum",3
33,702,132,5,10,0,"Eriogonum umbellatum",4
33,703,145,35,-10,-10,"Ivesia gordonii",13
33,704,140,45,-10,-10,"Ivesia gordonii",6
33,705,145,45,10,0,"Ivesia gordonii",5
33,706,160,75,-10,-10,"Lupinus argenteus",5
33,707,175,85,-10,-10,"Lupinus argenteus",13
33,708,165,192,-10,-10,"Lupinus argenteus",9
33,709,166,100,-10,-10,"Lupinus argenteus",9
33,710,175,105,0,-10,"Lupinus argenteus",11
33,711,170,100,0,10,"Lupinus argenteus",10
33,712,175,100,-10,-10,"Lupinus argenteus",20
33,713,175,102,0,10,"Ivesia gordonii",8
33,714,185,105,10,10,"Lupinus argenteus",26
33,715,180,95,-10,-10,"Eriogonum umbellatum",9
33,716,190,85,-5,-15,"Eriogonum umbellatum",40
33,717,200,90,-10,-10,"Ivesia gordonii",8
33,718,145,110,-10,-10,"Ivesia gordonii",11
33,719,120,100,-10,-10,"Ivesia gordonii",10
33,720,145,75,-10,-10,"Ivesia gordonii",0.5
33,721,125,120,-10,-10,"Ivesia gordonii",12
33,722,180,140,-10,-10,"Ivesia gordonii",9
33,723,175,180,-10,-10,"Heterotheca villosa",46
33,724,125,198,-10,-10,"Ivesia gordonii",4
33,725,115,185,-10,-10,"Ivesia gordonii",7
33,726,120,165,-10,-10,"Ivesia gordonii",6
33,727,130,155,-10,-10,"Agoseris glauca",8
33,728,128,155,-10,-10,"Elymus lanceolatus",9
33,729,130,150,-10,-10,"Elymus lanceolatus",12
33,730,115,150,-10,-10,"Elymus lanceolatus",2
33,731,110,130,-10,-10,"Heterotheca villosa",33
33,732,120,140,-30,-15,"Eriogonum umbellatum",65
33,733,135,135,-10,-10,"Elymus lanceolatus",5
33,734,100,135,-10,-10,"Elymus lanceolatus",4
33,735,90,180,-15,5,"Eriogonum umbellatum",60
33,736,90,185,0,-10,"Elymus lanceolatus",4
33,737,95,197,10,0,"Elymus lanceolatus",7
33,738,100,200,-10,-10,"Eriogonum umbellatum",1
33,739,70,200,-10,-10,"Heterotheca villosa",25
33,740,80,190,-10,-10,"Lupinus argenteus",24
33,741,65,180,-10,-10,"Lupinus argenteus",17
33,742,55,70,-10,-10,"Lupinus argenteus",17
33,743,50,160,-10,-10,"Lupinus argenteus",2
33,744,60,150,-10,-10,"Lupinus argenteus",11
33,745,65,150,-10,-10,"Lupinus argenteus",12
33,746,35,185,-10,-10,"Eriogonum umbellatum",29
33,747,50,145,-45,-20,"Eriogonum umbellatum",62
33,748,25,140,-10,-10,"Elymus lanceolatus",17
33,749,30,150,-10,-10,"Elymus lanceolatus",9
33,750,20,115,-10,-10,"Elymus lanceolatus",10
34,751,120,40,-10,-10,"Eriogonum umbellatum",35
34,752,105,45,-10,-10,"Elymus lanceolatus",25
34,753,85,200,-10,-10,"Eriogonum umbellatum",3
34,754,85,180,-10,-10,"Eriogonum umbellatum",33
34,755,25,0,-10,-10,"Elymus lanceolatus",9
34,756,30,195,-10,-10,"Elymus lanceolatus",5
34,757,35,195,0,-10,"Elymus lanceolatus",4
34,758,40,200,0,-10,"Elymus lanceolatus",5
34,759,10,175,0,-10,"Eriogonum umbellatum",38
34,760,5,115,0,-10,"Ivesia gordonii",30
35,761,195,35,-10,-10,"Lupinus argenteus",10
36,762,70,10,-10,-10,"Ivesia gordonii",3
36,763,82,12,-10,-10,"Eriogonum umbellatum",19
36,764,85,20,-10,0,"Senecio crassulus",12
36,765,85,25,-10,0,"Senecio crassulus",10
36,766,85,30,10,0,"Heterotheca villosa",11
36,767,85,30,10,0,"Eriogonum umbellatum",5
36,768,80,30,0,10,"Elymus lanceolatus",5
36,769,82,31,-10,10,"Elymus lanceolatus",3
36,770,150,20,-35,-15,"Eriogonum umbellatum",72
36,771,160,2,-10,-10,"Achnatherum lettermanii",15
36,772,160,40,-10,-10,"Lupinus argenteus",10
36,773,185,40,-10,-10,"Heterotheca villosa",15
36,774,185,35,-10,-10,"Eriogonum umbellatum",1
36,775,185,115,-10,-10,"Lupinus argenteus",3
36,776,175,135,-10,-10,"Ivesia gordonii",7
36,777,165,145,-10,-10,"Heterotheca villosa",5
36,778,162,148,-10,-10,"Heterotheca villosa",3
36,779,155,180,-10,-10,"Lupinus argenteus",1
36,780,110,190,-10,-10,"Lupinus argenteus",9
36,781,105,170,-10,-10,"Arnica latifolia",10
36,782,105,160,-10,-10,"Elymus lanceolatus",5
36,783,110,155,-10,-10,"Elymus lanceolatus",9
36,784,110,150,-10,-10,"Arnica latifolia",8
36,785,110,130,-10,-10,"Heterotheca villosa",5
36,786,108,125,-10,-10,"Achnatherum lettermanii",7
36,787,80,90,-10,-10,"Lupinus argenteus",4
37,788,30,25,-10,-10,"Lupinus argenteus",12
37,789,58,10,-10,-10,"Eriogonum umbellatum",0.5
37,790,66,15,-10,-10,"Ivesia gordonii",2
37,791,60,23,-10,-10,"Lupinus argenteus",2
37,792,65,32,-10,-10,"Lupinus argenteus",9
37,793,80,45,-10,-10,"Ivesia gordonii",9
37,794,75,48,-10,-10,"Lupinus argenteus",16
37,795,55,60,-10,-10,"Lupinus argenteus",14
37,796,48,70,-10,-10,"Lupinus argenteus",8
37,797,65,75,-10,-10,"Lupinus argenteus",14
37,798,52,80,-10,-10,"Ivesia gordonii",14
37,799,120,15,-10,-10,"Lupinus argenteus",15
37,800,160,30,-10,-10,"Lupinus argenteus",22
37,801,162,35,0,10,"Lupinus argenteus",9
37,802,165,35,0,10,"Lupinus argenteus",19
37,803,182,22,-10,-10,"Lupinus argenteus",11
37,804,180,40,-10,-10,"Lupinus argenteus",17
37,805,185,40,-10,-10,"Lupinus argenteus",12
37,806,185,45,-10,-10,"Lupinus argenteus",14
37,807,160,50,-10,-10,"Lupinus argenteus",11
37,808,150,175,-10,-10,"Ivesia gordonii",14
37,809,120,175,-10,-10,"Ivesia gordonii",7
37,810,115,180,-10,-10,"Ivesia gordonii",14
37,811,95,175,-10,-10,"Lupinus argenteus",13
37,812,10,200,0,-10,"Lupinus argenteus",17
37,813,0,200,0,-10,"Lupinus argenteus",35
37,814,65,120,-10,-10,"Ivesia gordonii",15
37,815,90,125,-10,-10,"Ivesia gordonii",10
37,816,100,135,-10,-10,"Eriogonum umbellatum",17
37,817,100,135,-10,-10,"Achnatherum lettermanii",10
37,818,105,105,-10,-10,"Lupinus argenteus",0.5
37,819,85,110,-10,-10,"Lupinus argenteus",17
37,820,90,110,-10,-10,"Ivesia gordonii",16
37,821,85,100,-10,-10,"Lupinus argenteus",6
37,822,85,90,-10,-10,"Ivesia gordonii",10
37,823,100,110,-10,-10,"Ivesia gordonii",2
37,824,105,100,-10,-10,"Ivesia gordonii",11
38,825,135,120,-10,-10,"Ivesia gordonii",1
38,826,165,100,-10,-10,"Ivesia gordonii",0.5
39,827,50,70,-10,-10,"Eriogonum umbellatum",7
39,828,165,170,-10,-10,"Lupinus argenteus",9
40,829,50,15,-10,-10,"Lupinus argenteus",10
40,830,50,18,-10,-10,"Lupinus argenteus",18
40,831,50,22,-10,-10,"Lupinus argenteus",8
40,832,50,25,-10,-10,"Lupinus argenteus",15
40,833,60,0,0,5,"Elymus lanceolatus",2
40,834,62,0,0,5,"Elymus lanceolatus",3
40,835,75,10,0,10,"Eriogonum umbellatum",16
40,836,80,10,0,10,"Heterotheca villosa",6
40,837,40,65,-10,-10,"Lupinus argenteus",12
41,838,62,15,-10,-10,"Ivesia gordonii",10
41,839,85,70,-10,-10,"Ivesia gordonii",13
41,840,140,110,-10,-10,"Lupinus argenteus",28
41,841,150,120,-10,-10,"Lupinus argenteus",8
41,842,155,125,-10,-10,"Lupinus argenteus",11
41,843,160,135,-10,-10,"Lupinus argenteus",6
41,844,155,145,-10,-10,"Lupinus argenteus",12
41,845,150,150,-10,-10,"Lupinus argenteus",18
41,846,120,160,-10,-10,"Lupinus argenteus",30
41,847,110,165,-10,-10,"Lupinus argenteus",35
41,848,170,180,-10,-10,"Eriogonum umbellatum",82
41,849,170,175,10,-10,"Senecio crassulus",5
41,850,180,180,-10,-10,"Heterotheca villosa",5
41,851,185,190,-10,-10,"Agoseris glauca",7
41,852,195,185,-10,-10,"Achnatherum lettermanii",3
41,853,190,190,-10,-10,"Achnatherum lettermanii",3
41,854,155,180,-10,-10,"Arnica latifolia",4
41,855,150,200,-10,-10,"Arnica latifolia",7
41,856,150,200,10,0,"Achnatherum lettermanii",7
41,857,145,190,-10,-10,"Arnica latifolia",4
41,858,5,183,0,-10,"Lupinus argenteus",8
41,859,30,145,-10,-10,"Arenaria congesta",5
41,860,5,115,-10,-10,"Elymus lanceolatus",14
41,861,10,95,-10,-10,"Senecio crassulus",1
41,862,0,85,-10,-10,"Eriogonum umbellatum",20
42,863,0,40,0,-10,"Eriogonum umbellatum",13
42,864,12,48,-10,-10,"Lupinus argenteus",7
42,866,10,55,-10,-10,"Elymus lanceolatus",9
42,865,0,70,0,-10,"Eriogonum umbellatum",50
42,867,135,175,-10,-10,"Lupinus argenteus",12
42,868,180,170,-10,-10,"Lupinus argenteus",15
42,869,20,190,-10,-10,"Lupinus argenteus",26
42,870,15,200,-10,-10,"Lupinus argenteus",25
42,871,10,180,-10,-10,"Lupinus argenteus",8
42,872,0,165,0,-10,"Lupinus argenteus",38
43,NA,NA,NA,-10,-10,"NA NA",NA
44,NA,NA,NA,-10,-10,"NA NA",NA
45,873,1,2,0,-10,"Heterotheca villosa",18
45,874,75,50,-10,-10,"Eriogonum umbellatum",28
45,875,90,70,-10,-10,"Heterotheca villosa",31
45,876,35,120,-10,-10,"Ivesia gordonii",6
46,877,5,18,0,-10,"Eriogonum umbellatum",41
46,878,18,12,-10,-10,"Carex unknown",8
46,879,22,13,-10,-10,"Arenaria congesta",2
46,880,25,15,0,-10,"Heterotheca villosa",0.5
46,882,35,23,-10,-10,"Heterotheca villosa",0.5
46,883,36,5,10,0,"Heterotheca villosa",4
46,884,37,10,10,0,"Lupinus argenteus",7
46,885,40,12,10,0,"Arenaria congesta",1
46,886,53,10,0,-5,"Lupinus argenteus",0.5
46,887,56,11,0,-5,"Lupinus argenteus",0.5
46,888,50,20,0,-5,"Eriogonum umbellatum",0.5
46,889,55,24,0,-5,"Lupinus argenteus",0.5
46,890,48,25,-10,-10,"Lupinus argenteus",13
46,891,43,32,-10,-10,"Heterotheca villosa",1
46,892,28,27,-10,-10,"Carex unknown",6
46,893,30,35,-10,-10,"Heterotheca villosa",36
46,894,33,42,-10,-10,"Agoseris glauca",9
46,895,24,45,-10,-10,"Carex unknown",10
46,896,66,5,0,-10,"Lupinus argenteus",27
46,897,65,5,0,-10,"Eriogonum umbellatum",0.5
46,898,62,18,10,0,"Eriogonum umbellatum",21
46,899,62,30,-10,-10,"Lupinus argenteus",11
46,900,65,40,-10,-10,"Lupinus argenteus",3
46,901,65,51,-10,-10,"Lupinus argenteus",13
46,902,70,52,-10,-10,"Lupinus argenteus",14
46,903,80,55,-10,-10,"Lupinus argenteus",25
46,904,75,40,-10,-10,"Lupinus argenteus",25
46,905,87,40,-10,-10,"Lupinus argenteus",0.5
46,906,86,35,-10,-10,"Heterotheca villosa",0.5
46,907,81,15,-10,-10,"Lupinus argenteus",10
46,908,82,13,-10,-10,"Lupinus argenteus",0.5
46,909,83,13,-10,-10,"Lupinus argenteus",0.5
46,910,92,1,0,5,"Eriogonum umbellatum",10
46,911,93,24,-10,-10,"Lupinus argenteus",25
46,912,95,27,-10,-10,"Eriogonum umbellatum",1
46,913,107,21,-10,-10,"Viola praemorsa",11
46,914,110,75,-13,-25,"Eriogonum umbellatum",75
46,915,108,40,-10,-10,"Heterotheca villosa",2
46,916,85,60,-10,-10,"Heterotheca villosa",0.5
46,917,85,70,-10,-10,"Lupinus argenteus",28
46,918,107,40,-10,-10,"Ivesia gordonii",13
46,919,96,40,-10,-10,"Heterotheca villosa",1
46,920,120,115,-10,-10,"Lupinus argenteus",0.5
46,921,110,60,-10,-10,"Heterotheca villosa",1
46,922,107,75,-10,-10,"Agoseris glauca",6
46,923,115,65,0,-10,"Carex unknown",6
46,924,118,65,0,-10,"Carex unknown",4
46,925,120,65,0,-10,"Agoseris glauca",11
46,926,123,66,0,-10,"Carex unknown",5
46,927,125,62,10,0,"Heterotheca villosa",0.5
46,928,130,65,10,0,"Agoseris glauca",2
46,929,110,85,-10,-10,"Carex unknown",9
46,930,105,84,-10,-10,"Heterotheca villosa",0.5
46,931,115,87,10,0,"Heterotheca villosa",0.5
46,932,103,90,-10,-10,"Agoseris glauca",4
46,933,100,105,-10,-10,"Heterotheca villosa",32
46,934,100,105,-10,-10,"Carex unknown",4
46,935,120,95,10,0,"Agoseris glauca",7
46,936,145,45,-20,-10,"Eriogonum umbellatum",46
46,937,138,35,-10,-10,"Heterotheca villosa",4
46,938,133,25,-10,-10,"Lupinus argenteus",22
46,939,138,15,-10,-10,"Eriogonum umbellatum",2
46,940,132,10,-10,-10,"Lupinus argenteus",13
46,941,150,25,-10,-10,"Ivesia gordonii",11
46,942,152,40,-10,-10,"Elymus lanceolatus",12
46,943,155,50,-10,-10,"Heterotheca villosa",34
46,944,158,0,-5,0,"Eriogonum umbellatum",3
46,945,165,13,-10,-10,"Heterotheca villosa",16
46,946,160,11,-10,-10,"Eriogonum umbellatum",3
46,947,167,55,-10,-10,"Carex unknown",12
46,948,170,50,-10,-10,"Carex unknown",6
46,949,170,40,-10,-10,"Heterotheca villosa",0.5
46,950,172,45,0,-5,"Carex unknown",7
46,951,178,32,-10,-10,"Carex unknown",15
46,952,173,26,-10,-10,"Eriogonum umbellatum",4
46,953,183,5,-10,-10,"Carex unknown",19
46,954,190,5,-10,-10,"Elymus lanceolatus",7
46,955,195,2,-10,-10,"Carex unknown",12
46,956,188,17,-10,-10,"Carex unknown",7
46,957,20,15,-10,-10,"Elymus lanceolatus",13
46,958,185,30,-10,-10,"Heterotheca villosa",0.5
46,959,190,30,-10,-10,"Heterotheca villosa",10
46,960,197,22,5,0,"Carex unknown",9
46,961,193,30,10,0,"Carex unknown",9
46,962,200,60,-15,-20,"Eriogonum umbellatum",70
46,963,193,35,-10,-10,"Phacelia hastata",4
46,964,195,38,10,0,"Heterotheca villosa",2
46,965,190,115,-10,-10,"Carex unknown",12
46,966,100,145,-10,-10,"Heterotheca villosa",1
46,967,150,103,-10,-10,"Eriogonum umbellatum",0.5
46,968,140,110,-10,-10,"Lupinus argenteus",0.5
46,969,138,112,-10,-10,"Eriogonum umbellatum",0.5
46,970,140,115,-10,-10,"Viola praemorsa",10
46,971,155,110,-10,-10,"Eriogonum umbellatum",0.5
46,972,160,115,0,-10,"Ivesia gordonii",1
46,973,135,125,-10,-10,"Carex unknown",16
46,974,145,120,-10,-10,"Heterotheca villosa",37
46,975,165,120,-10,-10,"Heterotheca villosa",1
46,976,130,130,-10,-10,"Carex unknown",6
46,977,135,132,-10,-10,"Carex unknown",6
46,978,145,120,10,0,"Eriogonum umbellatum",0.5
46,979,175,130,-10,-10,"Heterotheca villosa",13
46,980,190,125,-10,-10,"Eriogonum umbellatum",0.5
46,981,200,125,-10,-10,"Arenaria congesta",1
46,982,200,135,-10,-10,"Ivesia gordonii",1
46,983,195,150,-10,-10,"Carex unknown",7
46,984,200,150,-10,-10,"Carex unknown",10
46,985,185,145,-10,-10,"Heterotheca villosa",9
46,986,180,140,-10,-10,"Senecio crassulus",6
46,987,180,141,-5,0,"Heterotheca villosa",4
46,988,180,142,-5,0,"Agoseris glauca",6
46,989,175,130,-10,-10,"Heterotheca villosa",3
46,990,175,132,-10,-10,"Arenaria congesta",2
46,991,155,145,-10,-10,"Eriogonum umbellatum",12
46,992,175,160,-10,-10,"Eriogonum umbellatum",70
46,993,190,165,-10,-10,"Agoseris glauca",10
46,994,180,170,-10,-10,"Ivesia gordonii",2
46,995,190,175,-10,-10,"Viola praemorsa",8
46,996,165,160,-10,-10,"Heterotheca villosa",4
46,997,155,160,-10,-10,"Heterotheca villosa",12
46,998,155,170,-10,-10,"Senecio crassulus",6
46,999,160,155,-10,-10,"Elymus lanceolatus",12
46,1000,170,155,-10,-10,"Agoseris glauca",2
46,1001,165,165,-10,-10,"Elymus lanceolatus",6
46,1002,165,170,-10,-10,"Elymus lanceolatus",7
46,1003,170,165,-10,-10,"Carex unknown",6
46,1004,165,170,-10,-10,"Carex unknown",4
46,1005,163,175,-10,-10,"Carex unknown",10
46,1006,180,170,-10,-10,"Carex unknown",6
46,1007,180,180,-10,-10,"Elymus lanceolatus",15
46,1008,185,185,0,10,"Carex unknown",13
46,1009,175,185,-10,-10,"Carex unknown",8
46,1010,160,180,-10,-10,"Carex unknown",12
46,1011,150,185,-10,-10,"Carex unknown",16
46,1012,155,190,-10,-10,"Ivesia gordonii",5
46,1013,130,170,-10,-10,"Carex unknown",13
46,1014,110,185,-10,-10,"Eriogonum umbellatum",10
46,1015,80,175,-10,-10,"Eriogonum umbellatum",3
46,1016,120,155,-10,-10,"Eriogonum umbellatum",35
46,1017,120,145,-10,-10,"Heterotheca villosa",40
46,1018,130,135,-10,-10,"Eriogonum umbellatum",0.5
46,1019,135,150,-10,-10,"Eriogonum umbellatum",2
46,1020,30,118,-10,-10,"Carex unknown",14
46,1021,35,120,-10,-10,"Carex unknown",11
46,1022,40,122,-10,-10,"Carex unknown",17
47,1023,95,55,-10,-10,"Lupinus argenteus",4
48,NA,NA,NA,-10,-10,"NA NA",NA
49,1024,35,108,-10,-10,"Lupinus argenteus",9
49,1025,45,90,-10,-10,"Lupinus argenteus",11
49,1026,50,95,-10,-10,"Lupinus argenteus",9
49,1027,80,85,-10,-10,"Lupinus argenteus",11
49,1028,95,5,-10,-10,"Lupinus argenteus",2
49,1029,0,108,-10,-10,"Lupinus argenteus",14
49,1030,160,35,-10,-10,"Lupinus argenteus",15
49,1031,75,165,-10,-10,"Eriogonum umbellatum",36
49,1032,55,195,-10,-10,"Heterotheca villosa",28
50,1033,5,5,0,-10,"Ivesia gordonii",16
50,1034,10,15,10,0,"Ivesia gordonii",12
50,1035,15,5,-10,-10,"Eriogonum umbellatum",7
50,1036,21,2,0,10,"Heterotheca villosa",6
50,1037,23,1,0,10,"Ivesia gordonii",7
50,1038,27,3,0,10,"Ivesia gordonii",3
50,1039,52,15,-10,-10,"Ivesia gordonii",20
50,1040,57,8,-10,-10,"Heterotheca villosa",1
50,1041,60,25,0,-10,"Ivesia gordonii",10
50,1042,50,50,-10,-10,"Eriogonum umbellatum",15
50,1043,98,5,-10,-10,"Ivesia gordonii",12
50,1044,100,8,-10,-10,"Ivesia gordonii",6
50,1045,110,5,-10,-10,"Ivesia gordonii",12
50,1046,165,40,-10,-10,"Heterotheca villosa",10
50,1047,160,55,-10,-10,"Eriogonum umbellatum",37
50,1048,175,65,-10,-10,"Elymus lanceolatus",12
50,1049,10,185,-10,-10,"Eriogonum umbellatum",38
