"Year","Plot","Tag","Taxon","X..cm.","Y..cm.","Tag.offset.x..cm.","Tag.offset.y..cm.","Is.seedling","Number.of.individuals.represented.by.tag","Notes","Tag.removed.in.year"
2018,1,"1","Ivesia gordonii",20,100,-10,-10,0,1,"dead",2018
2018,1,"10","Ivesia gordonii",185,94,-10,0,0,1,"dead",2017
2018,1,"1051","Senecio crassulus",15,180,-10,-10,0,1,"dead, tag lost",2017
2018,1,"1052","Ivesia gordonii",190,25,-10,-10,0,1,"dead",2018
2018,1,"1054","Ivesia gordonii",190,36,-10,-10,0,1,"dead",2018
2018,1,"1055","Ivesia gordonii",200,33,-10,-10,0,1,"dead",2018
2018,1,"1058","Ivesia gordonii",183,45,-10,-10,0,1,"dead",2018
2018,1,"1059","Heterotheca villosa",180,46,-10,-10,0,1,"dead",2018
2018,1,"1062","Ivesia gordonii",180,80,5,0,0,1,"dead, tag lost",2017
2018,1,"1064","Ivesia gordonii",195,95,-10,-10,0,1,"dead",2018
2018,1,"1065","Ivesia gordonii",180,140,-10,-10,0,1,"dead",2018
2018,1,"1066","Ivesia gordonii",180,150,-10,-10,0,1,"dead",2018
2018,1,"1067","Ivesia gordonii",200,180,-10,-10,0,2,"dead",2018
2018,1,"1068","Ivesia gordonii",199,155,-10,-10,0,1,"dead",2017
2018,1,"1070","Ivesia gordonii",200,155,10,0,0,1,"dead",2017
2018,1,"11","Ivesia gordonii",195,93,-10,-10,0,1,"dead",2018
2018,1,"12","Ivesia gordonii",195,122,-10,-10,0,1,"dead",2018
2018,1,"13","Ivesia gordonii",192,126,-10,-10,0,1,"dead",2018
2018,1,"14","Lupinus argenteus",20,130,10,0,0,1,"dead, tag lost",2018
2018,1,"15","Ivesia gordonii",195,144,-10,-10,0,1,"dead",2018
2018,1,"1551","Senecio crassulus",179,152,-10,-10,0,1,"dead",2018
2018,1,"16","Ivesia gordonii",198,165,-10,-10,0,1,"dead",2018
2018,1,"1743","Ivesia gordonii",182,36,-5,-5,0,1,"dead",2018
2018,1,"1745","Senecio crassulus",198,90,-10,0,0,1,"dead",2018
2018,1,"1746","Senecio crassulus",196,146,-5,5,0,1,"dead",2018
2018,1,"1747","Senecio crassulus",198,144,10,0,0,1,"dead",2018
2018,1,"1748","Lupinus argenteus",198,167,-5,5,0,1,"dead",2018
2018,1,"1749","Eriogonum umbellatum",198,170,-5,5,0,2,"dead",2018
2018,1,"3","Ivesia gordonii",104,19,-10,-10,0,1,"dead, tag found",2018
2018,1,"4","Ivesia gordonii",102,26,-10,-10,0,1,"dead",2018
2018,1,"5","Ivesia gordonii",153,8,-10,-10,0,1,"dead, tag lost",2018
2018,1,"6","Ivesia gordonii",127,55,-10,-10,0,1,"dead",2018
2018,1,"7","Ivesia gordonii",198,25,-10,-10,0,1,"dead",2018
2018,1,"8","Ivesia gordonii",194,53,-10,-10,0,1,"dead",2018
2018,1,"9","Ivesia gordonii",177,85,-10,-10,0,1,"dead",2018
2018,5,"1073","Lupinus argenteus",50,80,-10,-10,0,1,"dead",2018
2018,5,"1074","Lupinus argenteus",50,85,-10,-10,0,1,"dead, tag missing",2017
2018,5,"1075","Lupinus argenteus",35,155,-10,-10,0,1,"dead, tag missing",2017
2018,5,"1076","Lupinus argenteus",42,150,-10,-10,0,1,"dead, tag missing",2017
2018,5,"1077","Lupinus argenteus",67,135,-10,-10,0,1,"dead, tag missing",2017
2018,5,"1078","Lupinus argenteus",67,140,-10,-10,0,1,"dead, tag missing",2017
2018,5,"1081","Lupinus argenteus",45,181,-10,-10,0,1,"dead",2018
2018,5,"1553","Lupinus argenteus",70,83,-10,-10,0,1,"dead",2018
2018,5,"1554","Chaenactis douglasii",112,37,-10,-10,0,1,"dead",2018
2018,5,"1555","Chaenactis douglasii",170,130,-10,-10,0,1,"dead",2018
2018,5,"1556","Chaenactis douglasii",179,125,10,10,0,1,"dead",2018
2018,5,"1750","Lupinus argenteus",35,28,-10,-10,0,1,"dead",2018
2018,5,"1752","Lupinus argenteus",85,51,-10,-10,0,1,"dead",2018
2018,5,"1753","Lupinus argenteus",130,85,-10,-10,0,1,"dead",2018
2018,5,"20","Lupinus argenteus",25,28,-10,-10,0,1,"dead",2018
2018,5,"21","Lupinus argenteus",33,40,-10,0,0,1,"dead, tag missing",2017
2018,5,"22","Lupinus argenteus",48,60,-10,-10,0,1,"dead",2018
2018,5,"23","Lupinus argenteus",27,54,-10,0,0,1,"dead, tag missing",2017
2018,5,"24","Lupinus argenteus",25,65,-10,-10,0,1,"dead, tag missing",2017
2018,5,"27","Ivesia gordonii",200,20,-10,-10,0,1,"dead",2018
2018,5,"29","Ivesia gordonii",5,123,-10,-10,0,1,"dead, tag missing",2017
2018,5,"32","Lupinus argenteus",105,155,-10,-10,0,1,"dead, tag missing",2017
2018,5,"33","Lupinus argenteus",98,155,-10,-10,0,1,"dead, tag missing",2017
2018,5,"39","Eriogonum umbellatum",190,105,-10,-10,0,1,"dead, tag missing",2018
2018,5,"40","Heterotheca villosa",190,120,0,10,0,1,"dead, tag missing",2017
2018,6,"1082","Ivesia gordonii",178,8,-10,-10,0,1,"dead, tag missing",2017
2018,6,"1083","Ivesia gordonii",170,12,-10,-10,0,1,"dead",2018
2018,6,"1084","Ivesia gordonii",170,14,-10,-10,0,1,"dead",2018
2018,6,"1085","Ivesia gordonii",170,18,-10,-2,0,1,"dead",2018
2018,6,"1087","Ivesia gordonii",182,8,-10,-10,0,1,"dead",2018
2018,6,"1088","Ivesia gordonii",184,3.5,0,-10,0,1,"dead, tag missing",2017
2018,6,"1741","Ivesia gordonii",130,50,-10,-10,0,1,"dead, tag missing",2017
2018,6,"43","Ivesia gordonii",195,25,-10,-10,0,1,"dead",2018
2018,6,"47","Ivesia gordonii",70,90,-10,-10,0,1,"dead",2018
2018,6,"48","Ivesia gordonii",70,105,-10,-10,0,1,"dead",2018
2018,8,"1092","Senecio crassulus",100,138,-10,-10,0,1,"dead, tag missing",2017
2018,8,"1559","Lupinus argenteus",44,155,-10,-10,0,1,"dead, tag missing",2017
2018,8,"1560","Lupinus argenteus",181,177,-10,-10,0,1,"dead, tag missing",2017
2018,8,"1561","Lupinus argenteus",194,130,-10,-10,0,1,"dead, tag missing",2017
2018,8,"1758","Lupinus argenteus",164,172,-10,-10,0,1,"dead",2018
2018,8,"1759","Senecio crassulus",156,172,-10,-10,0,1,"dead",2018
2018,8,"1763","Lupinus argenteus",185,147,-10,-10,0,1,"dead",2018
2018,8,"54","Lupinus argenteus",30,110,-10,-10,0,1,"dead, tag missing",2017
2018,8,"56","Lupinus argenteus",35,175,-10,-10,0,1,"dead, tag missing",2017
2018,8,"57","Lupinus argenteus",40,195,-10,-10,0,1,"dead, tag missing",2017
2018,8,"58","Lupinus argenteus",60,180,-10,-10,0,1,"dead, tag missing",2017
2018,8,"59","Lupinus argenteus",75,190,-10,-10,0,1,"dead",2018
2018,8,"60","Lupinus argenteus",80,190,-10,-10,0,1,"dead, tag missing",2017
2018,8,"61","Lupinus argenteus",100,195,10,0,0,1,"dead, tag missing",2017
2018,8,"62","Lupinus argenteus",75,160,-10,-10,0,1,"dead, tag missing",2017
2018,8,"63","Lupinus argenteus",90,170,-10,0,0,1,"dead, tag missing",2017
2018,8,"64","Lupinus argenteus",95,170,-10,-10,0,1,"dead",2018
2018,8,"65","Lupinus argenteus",105,170,-10,-10,0,1,"dead, tag missing",2017
2018,8,"68","Lupinus argenteus",160,180,-10,-10,0,1,"dead, tag missing",2017
2018,8,"69","Lupinus argenteus",180,175,0,10,0,1,"dead, tag missing",2017
2018,8,"70","Lupinus argenteus",170,170,-10,-10,0,1,"dead",2018
2018,8,"71","Lupinus argenteus",160,175,0,10,0,1,"dead, tag missing",2017
2018,8,"72","Lupinus argenteus",165,160,-10,-10,0,1,"dead, tag missing",2017
2018,8,"74","Lupinus argenteus",175,150,10,0,0,1,"dead, tag missing",2017
2018,8,"80","Lupinus argenteus",105,90,-10,-10,0,1,"dead, tag missing",2017
2018,8,"82","Lupinus argenteus",130,50,-10,-10,0,1,"dead, tag missing",2017
2018,9,"84","Lupinus argenteus",65,160,-10,-10,0,1,"dead, tag missing",2017
2018,9,"85","Ivesia gordonii",135,175,-10,-10,0,1,"dead, tag missing",2017
2018,9,"89","Lupinus argenteus",115,25,-10,-10,0,1,"dead, tag missing",2017
2018,10,"100","Lupinus argenteus",70,60,-10,-10,0,1,"dead",2018
2018,10,"101","Lupinus argenteus",70,45,-10,-10,0,1,"dead",2018
2018,10,"102","Lupinus argenteus",60,40,-10,-10,0,1,"dead, tag missing",2017
2018,10,"103","Lupinus argenteus",80,60,-10,-10,0,1,"dead",2018
2018,10,"104","Lupinus argenteus",95,50,-10,-10,0,1,"dead",2018
2018,10,"105","Lupinus argenteus",80,45,-10,-10,0,1,"dead, tag missing",2017
2018,10,"107","Lupinus argenteus",80,35,-10,-10,0,1,"dead",2018
2018,10,"109","Lupinus argenteus",80,60,-10,-10,0,1,"dead",2018
2018,10,"1095","Lupinus argenteus",8,0,-10,-10,0,1,"dead",2018
2018,10,"1096","Lupinus argenteus",13,13,-10,-10,0,1,"dead",2018
2018,10,"1097","Lupinus argenteus",25,23,-10,-10,0,1,"dead, tag missing",2017
2018,10,"1098","Lupinus argenteus",22,33,-10,-10,0,1,"dead, tag missing",2017
2018,10,"1099","Lupinus argenteus",16,42,-10,-10,0,1,"dead",2018
2018,10,"110","Lupinus argenteus",100,10,-10,-10,0,1,"dead",2018
2018,10,"1100","Lupinus argenteus",33,66,-10,-10,0,1,"dead",2018
2018,10,"1101","Lupinus argenteus",16,66,-10,-10,0,1,"dead, tag missing",2017
2018,10,"1102","Chaenactis douglasii",66,52,-10,-10,0,1,"dead",2018
2018,10,"1103","Lupinus argenteus",157,15,-10,-10,0,1,"dead",2018
2018,10,"1104","Lupinus argenteus",188,43,-10,-10,0,1,"dead, tag missing",2017
2018,10,"1105","Lupinus argenteus",150,81,-10,-10,0,1,"dead",2018
2018,10,"1107","Lupinus argenteus",140,122,-10,-10,0,1,"dead",2018
2018,10,"1109","Lupinus argenteus",42,88,-10,-10,0,1,"dead, tag missing",2017
2018,10,"1110","Lupinus argenteus",22,132,-10,-10,0,1,"dead, tag missing",2017
2018,10,"1111","Lupinus argenteus",5,138,-10,-10,0,1,"dead",2018
2018,10,"1112","Lupinus argenteus",14,146,-10,-10,0,1,"dead",2018
2018,10,"1113","Lupinus argenteus",48,170,-10,-10,0,1,"dead",2018
2018,10,"1114","Lupinus argenteus",105,133,-10,-10,0,1,"dead",2018
2018,10,"1768","Lupinus argenteus",50,35,-10,-10,0,1,"dead",2018
2018,10,"1769","Lupinus argenteus",43,25,-10,-10,0,1,"dead",2018
2018,10,"1770","Lupinus argenteus",50,1,-10,-10,0,1,"dead",2018
2018,10,"1771","Heterotheca villosa",27,72,-10,-10,0,1,"dead",2018
2018,10,"1772","Lupinus argenteus",28,113,-10,-10,0,1,"dead",2018
2018,10,"1775","Lupinus argenteus",123,123,-5,-5,0,1,"dead",2018
2018,10,"1776","Lupinus argenteus",63,88,-10,0,0,1,"dead",2018
2018,10,"1778","Lupinus argenteus",68,97,-10,0,0,1,"dead",2018
2018,10,"1780","Lupinus argenteus",75,72,-10,-10,0,1,"dead",2018
2018,10,"1781","Lupinus argenteus",82,62,-10,0,0,1,"dead",2018
2018,10,"90","Lupinus argenteus",40,30,-10,-10,0,1,"dead",2018
2018,10,"92","Lupinus argenteus",28,69,-10,-10,0,1,"dead",2018
2018,10,"93","Lupinus argenteus",10,100,-10,-10,0,1,"dead",2018
2018,10,"94","Lupinus argenteus",20,115,-10,-10,0,1,"dead",2018
2018,10,"95","Lupinus argenteus",30,120,-10,-10,0,1,"dead, tag missing",2017
2018,11,"119","Lupinus argenteus",90,15,-10,-10,0,1,"dead",2018
2018,11,"120","Lupinus argenteus",95,10,-10,-10,0,1,"dead, tag missing",2017
2018,11,"1563","Eriogonum umbellatum",65,15,-10,-10,0,1,"dead, tag missing",2017
2018,11,"1564","Lupinus argenteus",69,15,-10,-10,0,1,"dead",2018
2018,11,"1565","Senecio crassulus",75,24,-10,-10,0,1,"dead",2018
2018,11,"1786","Ivesia gordonii",26,15,-10,-10,0,1,"dead, tag missing",2018
2018,11,"1789","Lupinus argenteus",57,61,-10,-10,0,1,"dead",2018
2018,12,"125","Phacelia hastata",150,100,-5,10,0,1,"dead, tag missing",2017
2018,13,"141","Chaenactis douglasii",150,60,-10,-10,0,1,"dead",2018
2018,13,"1567","Chaenactis douglasii",148,60,10,10,0,1,"dead, tag missing",2017
2018,14,"1123","Lupinus argenteus",1,13,-10,-10,0,1,"tag should be pulled, plant died in 2016",2018
2018,14,"146","Lupinus argenteus",65,10,-10,-10,0,1,"dead",2018
2018,14,"147","Lupinus argenteus",80,10,-10,-10,0,1,"dead",2018
2018,15,"1127","Lupinus argenteus",82,6,-10,-10,0,1,"dead",2018
2018,15,"1128","Lupinus argenteus",110,19,-10,-10,0,1,"dead",2018
2018,15,"1130","Lupinus argenteus",100,81,-10,-10,0,1,"dead, tag missing",2017
2018,15,"1131","Lupinus argenteus",120,84,-10,-10,0,1,"dead",2018
2018,15,"1132","Lupinus argenteus",120,79,-10,-10,0,1,"dead, tag missing",2017
2018,15,"1133","Lupinus argenteus",85,80,-10,-10,0,1,"dead, tag missing",2017
2018,15,"1134","Lupinus argenteus",107,105,-10,-10,0,1,"dead",2018
2018,15,"1136","Lupinus argenteus",85,90,-10,-10,0,1,"dead",2018
2018,15,"1137","Lupinus argenteus",86,98,-10,-10,0,1,"dead, tag missing",2017
2018,15,"1138","Lupinus argenteus",42,89,-10,-10,0,1,"dead",2018
2018,15,"1139","Lupinus argenteus",180,9,-10,-10,0,1,"dead",2018
2018,15,"1141","Lupinus argenteus",177,105,-10,-10,0,1,"dead, tag missing",2017
2018,15,"1142","Lupinus argenteus",175,113,-10,-10,0,1,"dead",2018
2018,15,"1143","Lupinus argenteus",200,190,-10,-10,0,1,"dead",2018
2018,15,"1145","Lupinus argenteus",80,184,0,10,0,1,"dead, tag missing",2017
2018,15,"1146","Lupinus argenteus",60,160,-10,-10,0,1,"dead",2018
2018,15,"1569","Lupinus argenteus",27,2,-10,-10,0,1,"dead",2018
2018,15,"1570","Lupinus argenteus",26,116,-10,-10,0,1,"dead, tag missing",2017
2018,15,"1572","Senecio crassulus",168,103,-10,-10,0,1,"dead, tag missing",2017
2018,15,"1573","Lupinus argenteus",178,106,0,-10,0,1,"dead, tag missing",2017
2018,15,"1574","Lupinus argenteus",176,73,-10,-10,0,1,"dead",2018
2018,15,"1575","Lupinus argenteus",145,68,-10,-10,0,1,"dead",2018
2018,15,"1576","Lupinus argenteus",160,76,-10,-10,0,1,"dead, tag missing",2017
2018,15,"166","Lupinus argenteus",70,50,-10,-10,0,1,"dead, tag missing",2017
2018,15,"168","Eriogonum umbellatum",85,90,-10,-10,0,1,"dead, tag missing",2017
2018,15,"171","Lupinus argenteus",65,120,-10,-10,0,1,"dead, tag missing",2017
2018,15,"174","Lupinus argenteus",55,180,-10,-10,0,1,"dead",2018
2018,15,"1796","Lupinus argenteus",195,190,-10,-10,0,1,"dead",2018
2018,15,"1798","Lupinus argenteus",175,10,10,-10,0,1,"dead. New position.",2018
2018,15,"180","Lupinus argenteus",85,175,0,-10,0,1,"dead, tag missing",2017
2018,15,"1803","Lupinus argenteus",113,179,-10,-10,0,1,"dead. New position.",2018
2018,15,"1804","Lupinus argenteus",175,179,-10,-10,0,1,"dead",2018
2018,15,"1805","Lupinus argenteus",117,102,-10,-10,0,1,"dead",2018
2018,15,"181","Lupinus argenteus",100,180,0,-10,0,1,"dead, tag missing",2017
2018,15,"182","Lupinus argenteus",105,165,0,-10,0,1,"dead, tag missing",2017
2018,15,"183","Lupinus argenteus",120,170,-10,-10,0,1,"dead, tag missing",2017
2018,15,"184","Lupinus argenteus",130,180,-10,-10,0,1,"dead, tag missing",2017
2018,15,"185","Lupinus argenteus",175,175,-10,-10,0,1,"dead, tag missing",2017
2018,15,"186","Lupinus argenteus",180,170,-10,-10,0,1,"dead, tag missing",2017
2018,15,"187","Agoseris glauca",180,160,-10,-10,0,1,"dead, tag missing",2017
2018,15,"188","Lupinus argenteus",190,165,-10,-10,0,1,"dead, tag missing",2017
2018,15,"189","Lupinus argenteus",185,170,-10,-10,0,1,"dead",2018
2018,15,"191","Lupinus argenteus",200,115,-10,-10,0,1,"dead, tag missing",2017
2018,15,"192","Lupinus argenteus",185,95,-10,-10,0,1,"dead, tag missing",2017
2018,15,"193","Lupinus argenteus",175,85,-10,-10,0,1,"dead, tag missing",2017
2018,15,"194","Lupinus argenteus",180,105,-10,-10,0,1,"dead, tag missing",2017
2018,15,"195","Lupinus argenteus",165,100,-10,-10,0,1,"dead, tag missing",2017
2018,15,"196","Ivesia gordonii",120,95,0,10,0,1,"dead",2018
2018,15,"199","Lupinus argenteus",130,70,-10,-10,0,1,"dead, tag missing",2017
2018,15,"200","Lupinus argenteus",125,40,-10,-10,0,1,"dead",2018
2018,15,"201","Lupinus argenteus",135,50,-10,-10,0,1,"dead",2018
2018,15,"202","Lupinus argenteus",155,40,-10,-10,0,1,"dead",2018
2018,15,"204","Lupinus argenteus",95,10,-10,-10,0,1,"dead, tag missing",2017
2018,15,"205","Lupinus argenteus",110,10,-10,-10,0,1,"dead, tag missing",2017
2018,15,"206","Lupinus argenteus",145,30,-10,-10,0,1,"dead",2018
2018,15,"207","Lupinus argenteus",155,25,-10,-10,0,1,"dead",2018
2018,15,"210","Lupinus argenteus",185,20,-10,-10,0,1,"dead",2018
2018,15,"211","Lupinus argenteus",200,25,-10,-10,0,1,"dead",2018
2018,15,"212","Lupinus argenteus",195,15,-10,-10,0,1,"dead",2018
2018,15,"213","Lupinus argenteus",155,5,-10,-10,0,1,"dead",2018
2018,15,"214","Lupinus argenteus",170,5,-10,-10,0,1,"dead",2018
2018,16,"1147","Agoseris glauca",37,40,-10,-10,0,1,"dead",2018
2018,16,"1148","Agoseris glauca",37,48,-10,-10,0,1,"dead",2018
2018,16,"1150","Agoseris glauca",32,55,-10,-10,0,1,"dead",2018
2018,16,"1152","Lupinus argenteus",25,86,-10,-10,0,1,"dead, tag missing",2017
2018,16,"1153","Ivesia gordonii",25,81,-10,-10,0,1,"dead, tag missing",2017
2018,16,"1154","Senecio crassulus",34,80,-10,-10,0,1,"dead",2018
2018,16,"1155","Senecio crassulus",28,87,-10,-10,0,1,"dead",2018
2018,16,"1156","Eriogonum umbellatum",35,78,-10,-10,0,1,"dead, tag missing",2017
2018,16,"1157","Senecio crassulus",48,80,-10,-10,0,1,"dead",2018
2018,16,"1158","Lupinus argenteus",160,54,-10,-10,0,1,"dead, tag missing",2017
2018,16,"1159","Chaenactis douglasii",165,65,-10,-10,0,1,"dead, tag missing",2017
2018,16,"1577","Agoseris glauca",57,11,-10,-10,0,1,"dead",2018
2018,16,"1578","Heterotheca villosa",62,3,-10,-10,0,1,"dead, tag missing",2017
2018,16,"1580","Ivesia gordonii",29,55,-10,-10,0,1,"dead",2018
2018,16,"1581","Agoseris glauca",29,51,-10,-10,0,1,"dead",2018
2018,16,"1583","Lupinus argenteus",22,86,-10,-10,0,1,"dead, tag missing",2017
2018,16,"1585","Chaenactis douglasii",20,95,-10,-10,0,1,"dead, tag missing",2017
2018,16,"1586","Lupinus argenteus",140,115,-10,-10,0,1,"dead",2017
2018,16,"1587","Lupinus argenteus",140,123,-10,-10,0,1,"dead",2018
2018,16,"1588","Chaenactis douglasii",138,62,10,0,0,1,"dead, tag missing",2017
2018,16,"1589","Lupinus argenteus",145,57,10,0,0,1,"dead",2018
2018,16,"1590","Lupinus argenteus",150,45,-10,-10,0,1,"dead",2017
2018,16,"1809","Eriogonum umbellatum",32,44,-10,-10,0,1,"dead",2018
2018,16,"1812","Phacelia hastata",56,63,-10,-10,0,1,"dead",2018
2018,16,"1813","Lupinus argenteus",64,36,-10,-10,0,1,"dead, tag missing",2018
2018,16,"1815","Senecio crassulus",42,96,-10,-10,0,1,"dead",2018
2018,16,"1818","Lupinus argenteus",93,70,-10,-10,0,1,"dead",2018
2018,16,"1822","Lupinus argenteus",134,36,-10,-10,0,1,"dead. New position",2018
2018,16,"1824","Lupinus argenteus",194,84,-10,-10,0,1,"dead. New position",2018
2018,16,"215","Lupinus argenteus",10,0,0,10,0,1,"dead, tag missing",2017
2018,16,"217","Lupinus argenteus",58,10,-10,-10,0,1,"dead",2018
2018,16,"218","Lupinus argenteus",50,20,-10,-10,0,1,"dead, tag missing",2017
2018,16,"219","Lupinus argenteus",42,25,-10,-10,0,1,"dead",2018
2018,16,"220","Lupinus argenteus",37,34,-10,-10,0,1,"dead",2018
2018,16,"221","Lupinus argenteus",25,45,0,-10,0,1,"dead",2018
2018,16,"222","Lupinus argenteus",56,40,0,-10,0,1,"dead",2018
2018,16,"223","Lupinus argenteus",45,45,-10,-10,0,1,"dead",2018
2018,16,"224","Lupinus argenteus",37,45,-10,-10,0,1,"dead",2018
2018,16,"225","Lupinus argenteus",35,58,-5,-10,0,1,"dead",2018
2018,16,"226","Lupinus argenteus",44,52,-10,-10,0,1,"dead, tag missing",2018
2018,16,"227","Lupinus argenteus",46,62,-10,-10,0,1,"dead",2018
2018,16,"228","Lupinus argenteus",36,65,-10,-10,0,1,"dead, tag missing",2017
2018,16,"229","Lupinus argenteus",33,65,-10,-10,0,1,"dead, tag missing",2018
2018,16,"232","Lupinus argenteus",38,73,-10,-10,0,1,"dead",2018
2018,16,"233","Lupinus argenteus",40,70,-10,-10,0,1,"dead, tag missing",2017
2018,16,"234","Lupinus argenteus",45,81,-10,-10,0,1,"dead",2018
2018,16,"235","Lupinus argenteus",40,85,-10,-10,0,1,"dead",2018
2018,16,"236","Lupinus argenteus",23,95,-10,-10,0,1,"dead",2018
2018,16,"237","Lupinus argenteus",48,95,-10,-10,0,1,"dead",2018
2018,16,"238","Lupinus argenteus",37,108,-10,-10,0,1,"dead, tag missing",2017
2018,16,"239","Chaenactis douglasii",24,110,-10,-10,0,1,"dead, tag missing",2017
2018,16,"240","Lupinus argenteus",5,105,0,-10,0,1,"dead, tag missing",2018
2018,16,"241","Lupinus argenteus",5,115,-10,-10,0,1,"dead, tag missing",2017
2018,16,"242","Lupinus argenteus",3,120,-10,-10,0,1,"dead, tag missing",2017
2018,16,"243A","Lupinus argenteus",22,120,-10,-10,0,1,"dead",2018
2018,16,"244","Lupinus argenteus",35,135,-10,-10,0,1,"dead, tag missing",2017
2018,16,"245","Lupinus argenteus",74,90,-10,-10,0,1,"dead, tag missing",2018
2018,16,"246","Lupinus argenteus",65,74,-10,-10,0,1,"dead, tag missing",2018
2018,16,"247","Lupinus argenteus",85,60,-10,-10,0,1,"dead",2018
2018,16,"248","Lupinus argenteus",80,45,-10,-10,0,1,"dead",2018
2018,16,"249","Lupinus argenteus",83,35,-10,-10,0,1,"dead, tag missing",2017
2018,16,"250","Lupinus argenteus",95,30,-10,-10,0,1,"dead, tag missing",2017
2018,16,"251","Lupinus argenteus",107,35,-10,-10,0,1,"dead, tag missing",2017
2018,16,"252","Lupinus argenteus",115,55,-10,-10,0,1,"dead, tag missing",2017
2018,16,"253","Lupinus argenteus",122,50,-10,-10,0,1,"dead",2018
2018,16,"254","Lupinus argenteus",135,50,0,10,0,1,"dead",2018
2018,16,"255","Lupinus argenteus",123,65,0,5,0,1,"dead, tag missing",2017
2018,16,"256","Lupinus argenteus",131,40,-10,-10,0,1,"dead",2018
2018,16,"257","Lupinus argenteus",135,50,10,10,0,1,"dead",2018
2018,16,"258","Lupinus argenteus",133,36,-10,-10,0,1,"dead",2018
2018,16,"259","Lupinus argenteus",148,40,10,10,0,1,"dead, tag missing",2017
2018,16,"260","Lupinus argenteus",147,32,-10,-10,0,1,"dead",2018
2018,16,"261","Lupinus argenteus",162,40,0,-5,0,1,"dead, tag missing",2017
2018,16,"262","Lupinus argenteus",195,60,-10,-10,0,1,"dead",2018
2018,16,"263","Lupinus argenteus",175,85,-10,-10,0,1,"dead, tag missing",2017
2018,16,"264","Lupinus argenteus",175,100,-10,-10,0,1,"dead, tag missing",2017
2018,16,"265","Lupinus argenteus",155,85,-10,-10,0,1,"dead, tag missing",2017
2018,16,"266","Lupinus argenteus",155,90,-10,0,0,1,"dead, tag missing",2017
2018,16,"267","Lupinus argenteus",152,100,-5,0,0,1,"dead, tag missing",2017
2018,16,"268","Lupinus argenteus",145,120,-10,-10,0,1,"dead, tag missing",2017
2018,16,"269","Lupinus argenteus",160,115,-10,-10,0,1,"dead",2018
2018,16,"270","Lupinus argenteus",175,115,-10,-10,0,1,"dead, tag missing",2017
2018,16,"271","Lupinus argenteus",155,130,-10,-10,0,1,"dead, tag missing",2017
2018,16,"272","Lupinus argenteus",190,115,-10,-10,0,1,"dead, tag missing",2017
2018,16,"273","Lupinus argenteus",180,130,-10,-10,0,1,"dead, tag missing",2017
2018,16,"274","Lupinus argenteus",185,150,-10,-10,0,1,"dead",2018
2018,16,"276","Lupinus argenteus",155,190,-10,-10,0,1,"dead, tag missing",2017
2018,16,"277","Lupinus argenteus",50,155,-10,-10,0,1,"dead, tag missing",2017
2018,16,"278","Lupinus argenteus",55,200,-10,-10,0,1,"dead, tag missing",2017
2018,16,"281","Lupinus argenteus",137,40,-10,-10,0,1,"dead, tag missing",2017
2018,17,"1163","Lupinus argenteus",37,35,-10,-10,0,1,"dead",2018
2018,17,"1164","Lupinus argenteus",92,77,-10,-10,0,1,"dead, tag missing",2017
2018,17,"1165","Lupinus argenteus",102,75,-10,-10,0,1,"dead, tag missing",2017
2018,17,"1592","Lupinus argenteus",34,175,-10,-10,0,1,"dead, tag missing",2017
2018,17,"1593","Lupinus argenteus",64,65,-10,-10,0,1,"dead",2018
2018,17,"1594","Lupinus argenteus",100,80,-10,0,0,1,"dead, tag missing",2017
2018,17,"1595","Lupinus argenteus",100,90,0,10,0,1,"dead, tag missing",2017
2018,17,"1814","Heterotheca villosa",19,53,-10,-10,0,1,"dead",2018
2018,17,"282","Lupinus argenteus",31,10,-10,-10,0,1,"dead",2018
2018,17,"283","Lupinus argenteus",12,44,-10,-10,0,1,"dead",2018
2018,17,"284","Lupinus argenteus",10,61,-10,-10,0,1,"dead, tag missing",2017
2018,17,"293","Elymus lanceolatus",30,105,-5,0,0,1,"dead",2018
2018,17,"294","Lupinus argenteus",40,123,-10,-10,0,1,"dead, tag missing",2017
2018,17,"295","Lupinus argenteus",28,140,-10,-10,0,1,"dead, tag missing",2017
2018,17,"296","Lupinus argenteus",28,183,-10,-10,0,1,"dead, tag missing",2017
2018,17,"298","Lupinus argenteus",45,110,-10,-10,0,1,"dead, tag missing",2017
2018,17,"299","Lupinus argenteus",70,110,-10,-10,0,1,"dead, tag missing",2017
2018,17,"301","Lupinus argenteus",90,110,-10,-10,0,1,"dead, tag missing",2017
2018,17,"302","Lupinus argenteus",92,140,-10,-10,0,1,"dead, tag missing",2017
2018,17,"303","Lupinus argenteus",95,125,-10,-10,0,1,"dead, tag missing",2017
2018,17,"304","Lupinus argenteus",51,15,-10,-10,0,1,"dead, tag missing",2017
2018,17,"307","Lupinus argenteus",80,40,-10,-10,0,1,"dead",2018
2018,17,"308","Lupinus argenteus",95,40,-10,-10,0,1,"dead, tag missing",2017
2018,17,"310","Lupinus argenteus",85,60,-10,-10,0,1,"dead, tag missing",2017
2018,17,"311","Lupinus argenteus",75,70,-10,-10,0,1,"dead, tag missing",2017
2018,17,"312","Lupinus argenteus",75,73,0,5,0,1,"dead, tag missing",2017
2018,17,"314","Lupinus argenteus",90,70,0,-10,0,1,"dead, tag missing",2017
2018,17,"315","Lupinus argenteus",105,80,-10,-10,0,1,"dead",2018
2018,17,"316","Lupinus argenteus",130,55,-10,-10,0,1,"dead, tag missing",2017
2018,17,"319","Lupinus argenteus",110,15,-10,-10,0,1,"dead, tag missing",2018
2018,17,"320","Lupinus argenteus",110,17,-10,10,0,1,"dead, tag missing",2017
2018,17,"321","Lupinus argenteus",111,18,10,10,0,1,"dead, tag missing",2017
2018,17,"322","Lupinus argenteus",117,15,-10,-10,0,1,"dead, tag missing",2017
2018,17,"323","Lupinus argenteus",199,130,-10,0,0,1,"dead",2018
2018,17,"324","Lupinus argenteus",150,105,-10,-10,0,1,"dead, tag missing",2017
2018,17,"326","Lupinus argenteus",155,150,-10,-10,0,1,"dead, tag missing",2017
2018,17,"327","Lupinus argenteus",115,160,-10,-10,0,1,"dead, tag missing",2017
2018,18,"1166","Lupinus argenteus",123,75,-10,-10,0,1,"dead",2018
2018,18,"331","Ivesia gordonii",30,90,-10,-10,0,1,"dead, tag missing",2017
2018,18,"332","Ivesia gordonii",35,85,-10,-10,0,1,"dead",2018
2018,18,"333","Ivesia gordonii",40,80,-10,-10,0,1,"dead, tag missing",2017
2018,18,"339","Heterotheca villosa",145,195,-10,-10,0,1,"dead",2018
2018,19,"1168","Lupinus argenteus",198,110,-10,-10,0,1,"dead",2018
2018,19,"1169","Ivesia gordonii",103,5,-10,-10,0,1,"dead, tag missing",2017
2018,19,"1170","Eriogonum umbellatum",148,30,-10,-10,0,1,"dead, tag missing",2018
2018,19,"1598","Eriogonum umbellatum",186,63,0,5,0,1,"dead, tag missing",2017
2018,19,"1599","Eriogonum umbellatum",184,59,-10,10,0,1,"dead, tag missing",2017
2018,19,"1601","Eriogonum umbellatum",165,135,-10,0,0,1,"dead",2018
2018,19,"1832","Heterotheca villosa",110,89,-10,-10,0,1,"dead",2018
2018,19,"1834","Heterotheca villosa",154,116,-10,-10,0,1,"dead",2018
2018,19,"1838","Senecio crassulus",178,44,-10,-10,0,1,"dead",2018
2018,19,"354","Ivesia gordonii",105,100,-10,-10,0,1,"dead",2018
2018,19,"362","Ivesia gordonii",160,110,-10,-10,0,1,"dead",2018
2018,19,"373","Ivesia gordonii",105,105,0,10,0,1,"dead, tag missing",2017
2018,20,"1177","Eriogonum umbellatum",8,16,0,-10,0,1,"dead, tag missing",2017
2018,20,"1178","Ivesia gordonii",22,28,-10,-10,0,1,"dead, tag missing",2017
2018,20,"1184","Lupinus argenteus",38,28,-10,-10,0,1,"dead, tag missing",2017
2018,20,"1185","Senecio crassulus",33,27,-10,-10,0,1,"dead, tag missing",2017
2018,20,"1186","Eriogonum umbellatum",33,25,-10,-10,0,1,"dead, tag missing",2017
2018,20,"1187","Lupinus argenteus",54,45,0,-10,0,1,"dead, tag missing",2017
2018,20,"1188","Lupinus argenteus",85,19,-10,-10,0,1,"dead, tag missing",2017
2018,20,"1189","Lupinus argenteus",93,54,-10,-10,0,1,"dead, tag missing",2017
2018,20,"1190","Lupinus argenteus",117,26,-10,-10,0,1,"dead",2018
2018,20,"1192","Chaenactis douglasii",195,85,-10,-10,0,1,"dead, tag missing",2017
2018,20,"1194","Lupinus argenteus",185,192,-10,-10,0,1,"dead, tag missing",2017
2018,20,"1195","Lupinus argenteus",187,193,-10,-10,0,1,"dead, tag missing",2017
2018,20,"1196","Lupinus argenteus",186,188,-10,-10,0,1,"dead, tag missing",2017
2018,20,"1197","Eriogonum umbellatum",162,170,-10,-10,0,1,"dead",2018
2018,20,"1199","Lupinus argenteus",155,162,-10,-10,0,1,"dead, tag missing",2017
2018,20,"1200","Lupinus argenteus",153,162,-10,-10,0,1,"dead, tag missing",2017
2018,20,"1201","Lupinus argenteus",140,187,-10,-10,0,1,"dead, tag missing",2017
2018,20,"1202","Lupinus argenteus",95,115,-10,-10,0,1,"dead",2018
2018,20,"1203","Lupinus argenteus",75,178,-10,-10,0,1,"dead, tag missing",2017
2018,20,"1204","Lupinus argenteus",130,120,-10,-10,0,1,"dead, tag missing",2017
2018,20,"1205","Lupinus argenteus",50,188,-10,-10,0,1,"dead, tag missing",2017
2018,20,"1206","Lupinus argenteus",55,182,-10,-10,0,1,"dead, tag missing",2017
2018,20,"1207","Senecio crassulus",159,160,-10,-10,0,1,"dead, tag missing",2017
2018,20,"1607","Chaenactis douglasii",39,12,-10,-10,0,1,"dead, tag missing",2017
2018,20,"1608","Senecio crassulus",32,25,-10,-10,0,1,"dead, tag missing",2017
2018,20,"1611","Lupinus argenteus",44,65,-10,-10,0,1,"dead, tag missing",2017
2018,20,"1612","Lupinus argenteus",51,58,-10,-10,0,1,"dead, tag missing",2017
2018,20,"1613","Lupinus argenteus",56,68,-10,-10,0,1,"dead, tag missing",2017
2018,20,"1614","Lupinus argenteus",65,85,-10,-10,0,1,"dead",2018
2018,20,"1616","Lupinus argenteus",99,198,-10,-10,0,1,"dead, tag missing",2017
2018,20,"1617","Lupinus argenteus",122,157,-10,-10,0,1,"dead",2018
2018,20,"1619","Arenaria congesta",105,150,-10,-10,0,1,"dead, tag missing",2017
2018,20,"1620","Chaenactis douglasii",100,40,-10,-10,0,1,"dead, tag missing",2018
2018,20,"1840","Ivesia gordonii",37,192,0,10,0,1,"dead",2018
2018,20,"1847","Ivesia gordonii",155,178,-10,-10,0,1,"dead",2018
2018,20,"1851","Lupinus argenteus",188,153,-10,-10,0,1,"dead",2018
2018,20,"1856","Agoseris glauca",22,56,-10,-10,0,1,"dead",2018
2018,20,"1857","Lupinus argenteus",28,52,-10,-10,0,1,"dead",2018
2018,20,"1859","Lupinus argenteus",66,66,-10,-10,0,1,"dead",2018
2018,20,"1860","Lupinus argenteus",66,70,-10,-10,0,1,"dead",2018
2018,20,"1863","Lupinus argenteus",64,33,-10,-10,0,1,"dead",2018
2018,20,"1864","Lupinus argenteus",64,37,-10,-10,0,1,"dead",2018
2018,20,"1869","Eriogonum umbellatum",58,37,10,0,0,1,"dead",2018
2018,20,"1870","Eriogonum umbellatum",45,43,0,10,0,1,"dead",2018
2018,20,"1871","Lupinus argenteus",39,39,0,10,0,1,"dead",2018
2018,20,"1872","Agoseris glauca",38,39,0,10,0,1,"dead",2018
2018,20,"1875","Eriogonum umbellatum",38,30,-10,-10,0,1,"dead",2018
2018,20,"1876","Lupinus argenteus",35,44,-10,-10,0,1,"dead",2018
2018,20,"1878","Penstemon whippleanus",35,27,-10,-10,0,1,"dead",2018
2018,20,"1881","Heterotheca villosa",7,15,-10,-10,0,1,"dead",2018
2018,20,"1883","Senecio crassulus",22,21,-10,-10,0,1,"dead",2018
2018,20,"1884","Senecio crassulus",16,28,-10,-10,0,1,"dead, tag missing",2018
2018,20,"1887","Senecio crassulus",1,27,-10,0,0,1,"dead",2018
2018,20,"1888","Lupinus argenteus",16,29,-10,-10,0,1,"dead",2018
2018,20,"375","Eriogonum umbellatum",8,8,10,0,0,1,"dead, tag missing",2017
2018,20,"376","Lupinus argenteus",8,18,5,-5,0,1,"dead, tag missing",2017
2018,20,"377","Lupinus argenteus",14,24,5,-5,0,1,"dead, tag missing",2017
2018,20,"378","Lupinus argenteus",20,27,5,-5,0,1,"dead, tag missing",2017
2018,20,"379","Ivesia gordonii",24,27,5,10,0,1,"dead, tag missing",2018
2018,20,"381","Lupinus argenteus",20,45,-10,-10,0,1,"dead, tag missing",2017
2018,20,"383","Lupinus argenteus",13,30,-10,-10,0,1,"dead, tag missing",2017
2018,20,"384","Lupinus argenteus",0,30,0,-10,0,1,"dead, tag missing",2017
2018,20,"385","Lupinus argenteus",5,30,0,-10,0,1,"dead, tag missing",2017
2018,20,"388","Lupinus argenteus",10,49,10,0,0,1,"dead, tag missing",2017
2018,20,"390","Lupinus argenteus",25,45,0,5,0,1,"dead, tag missing",2017
2018,20,"391","Lupinus argenteus",18,58,10,0,0,1,"dead, tag missing",2017
2018,20,"396","Lupinus argenteus",55,50,-10,-10,0,1,"dead, tag missing",2017
2018,20,"397","Lupinus argenteus",58,43,-10,-10,0,1,"dead, tag missing",2017
2018,20,"399","Ivesia gordonii",57,22,-10,-10,0,1,"dead",2018
2018,20,"405","Arenaria congesta",102,15,-10,-10,0,1,"dead",2018
2018,20,"411","Heterotheca villosa",125,100,-10,-10,0,1,NA,2018
2018,20,"419","Lupinus argenteus",190,145,-10,-10,0,1,"dead, tag missing",2017
2018,20,"420","Lupinus argenteus",180,170,-10,-10,0,1,"dead, tag missing",2017
2018,20,"422","Lupinus argenteus",180,180,-10,-10,0,1,"dead, tag missing",2017
2018,20,"424","Lupinus argenteus",155,185,-10,-10,0,1,"dead, tag missing",2017
2018,20,"425","Lupinus argenteus",150,185,-10,-10,0,1,"dead, tag missing",2017
2018,20,"427","Lupinus argenteus",165,193,-10,-10,0,1,"dead",2018
2018,20,"429","Lupinus argenteus",105,198,-10,-10,0,1,"dead, tag missing",2017
2018,20,"430","Lupinus argenteus",110,195,-10,-10,0,1,"dead, tag missing",2017
2018,20,"441","Eriogonum umbellatum",2,6,0,10,0,1,"dead",2018
2018,20,"443","Pseudocymopterus montanus",0,85,0,-15,0,1,"dead",2018
2018,21,"1208","Ivesia gordonii",15,160,-10,-10,0,1,"dead, tag missing",2017
2018,21,"1209","Eriogonum umbellatum",120,125,-10,-10,0,1,"dead, tag missing",2017
2018,21,"1621","Senecio crassulus",15,121,-10,-10,0,1,"dead",2018
2018,21,"1623","Phacelia hastata",95,150,-10,-10,0,1,"dead, tag missing",2017
2018,21,"1890","Eriogonum umbellatum",11,124,-10,-10,0,1,"dead",2018
2018,21,"1891","Phacelia hastata",121,177,-10,-10,0,1,"dead",2018
2018,21,"1893","Phacelia hastata",133,170,-10,-10,0,1,"dead",2018
2018,21,"1894","Phacelia hastata",156,55,-10,-10,0,1,"dead",2018
2018,21,"445","Heterotheca villosa",65,85,-10,-10,0,1,"dead",2018
2018,21,"447","Elymus lanceolatus",140,40,5,5,0,1,"dead",2018
2018,21,"448","Elymus lanceolatus",135,30,-5,0,0,1,"dead",2018
2018,21,"450","Eriogonum umbellatum",175,160,-5,0,0,1,"dead, tag missing",2017
2018,21,"451","Indet indet",150,110,-10,-10,0,1,"dead, tag missing",2017
2018,21,"452","Eriogonum umbellatum",165,160,-10,-10,0,1,"dead, tag missing",2017
2018,21,"453","Eriogonum umbellatum",135,130,-10,-10,0,1,"dead, tag missing",2017
2018,21,"454","Eriogonum umbellatum",130,175,-10,-10,0,1,"dead, tag missing",2017
2018,21,"455","Eriogonum umbellatum",90,130,-10,-10,0,1,"dead, tag missing",2017
2018,21,"456","Eriogonum umbellatum",105,180,-10,-10,0,1,"dead, tag missing",2017
2018,21,"457","Eriogonum umbellatum",160,180,-10,-10,0,1,"dead, tag missing",2017
2018,21,"459","Eriogonum umbellatum",140,200,-10,-10,0,1,"dead",2018
2018,21,"461","Heterotheca villosa",40,160,-10,-10,0,1,"dead",2018
2018,21,"465","Achnatherum lettermanii",35,128,-10,-10,0,1,"dead",2018
2018,22,"1625","Phacelia hastata",155,30,-10,-10,0,1,"dead",2018
2018,22,"1901","Eriogonum umbellatum",105,27,-10,-10,0,1,"dead",2018
2018,23,"1215","Lupinus argenteus",50,172,-10,-10,0,1,"dead",2018
2018,23,"1618","Lupinus argenteus",159,155,-10,-10,0,1,"dead, found in plot 20 (x=91, y=78).pulled 2018",2017
2018,23,"1902","Lupinus argenteus",175,90,-10,-10,0,1,"dead. New position",2018
2018,23,"485","Lupinus argenteus",190,80,-10,-10,0,1,"dead, tag missing",2017
2018,23,"486","Lupinus argenteus",180,110,-10,-10,0,1,"dead, tag missing",2017
2018,23,"487","Lupinus argenteus",185,112,0,-10,0,1,"dead, tag missing",2017
2018,24,"1909","Chaenactis douglasii",124,41,-10,-10,0,1,"dead",2018
2018,24,"1910","Chaenactis douglasii",131,13,-10,-10,0,1,"dead",2018
2018,24,"491","Eriogonum umbellatum",0,28,0,-5,0,1,"dead",2018
2018,24,"494","Elymus lanceolatus",119,13.25,0,10,0,1,"dead, tag missing",2017
2018,24,"505","Lupinus argenteus",195,130,-10,-10,0,1,"dead",2018
2018,25,"1220","Lupinus argenteus",155,75,-10,-10,0,1,"dead, tag missing",2017
2018,25,"1221","Lupinus argenteus",167,135,-10,-10,0,1,"dead, tag missing",2017
2018,25,"1222","Lupinus argenteus",175,180,-10,-10,0,1,"dead, tag missing",2017
2018,25,"1223","Lupinus argenteus",155,140,-10,-10,0,1,"dead, tag missing",2017
2018,25,"1626","Lupinus argenteus",80,86,-10,-10,0,1,"dead, tag missing",2017
2018,25,"1627","Lupinus argenteus",132,67,-10,-10,0,1,"dead, tag missing",2017
2018,25,"1628","Heterotheca villosa",182,105,-10,-10,0,1,"dead, tag missing",2017
2018,25,"1629","Chaenactis douglasii",182,106,-10,-10,0,1,"dead, tag missing",2017
2018,25,"1911","Lupinus argenteus",103,10,-10,-10,0,1,"dead",2018
2018,25,"1912","Lupinus argenteus",106,7,-10,-10,0,1,"dead",2018
2018,25,"1913","Lupinus argenteus",137,23,-10,-10,0,1,"dead",2018
2018,25,"1914","Lupinus argenteus",138,29,-10,-10,0,1,"dead",2018
2018,25,"1915","Lupinus argenteus",140,33,-10,-10,0,1,"dead",2018
2018,25,"1916","Lupinus argenteus",141,42,-10,-10,0,1,"dead",2018
2018,25,"1917","Lupinus argenteus",133,45,-10,-10,0,1,"dead",2018
2018,25,"1918","Lupinus argenteus",136,45,-10,-10,0,1,"dead",2018
2018,25,"1919","Lupinus argenteus",134,51,-10,-10,0,1,"dead",2018
2018,25,"1920","Lupinus argenteus",156,100,-10,-10,0,1,"dead",2018
2018,25,"1921","Lupinus argenteus",143,113,-10,-10,0,1,"dead",2018
2018,25,"1922","Lupinus argenteus",150,130,-10,-10,0,1,"dead",2018
2018,25,"1923","Lupinus argenteus",124,173,-10,-10,0,1,"dead",2018
2018,25,"1924","Lupinus argenteus",170,139,-10,-10,0,1,"dead",2018
2018,25,"1925","Lupinus argenteus",192,135,-10,-10,0,1,"dead",2018
2018,25,"1927","Lupinus argenteus",170,104,-10,-10,0,1,"dead",2018
2018,25,"1928","Lupinus argenteus",180,109,-10,-10,0,1,"dead",2018
2018,25,"1929","Lupinus argenteus",187,80,-10,-10,0,1,"dead, tag missing",2018
2018,25,"518","Lupinus argenteus",18,13,-10,-10,0,1,"dead, tag missing",2017
2018,25,"519","Lupinus argenteus",68,70,-10,-10,0,1,"dead, tag missing",2017
2018,25,"520","Lupinus argenteus",70,70,-10,-10,0,1,"dead, tag missing",2017
2018,25,"521","Lupinus argenteus",85,73,-10,-10,0,1,"dead, tag missing",2017
2018,25,"522","Lupinus argenteus",88,55,-10,-10,0,1,"dead, tag missing",2017
2018,25,"523","Lupinus argenteus",145,65,-10,-10,0,1,"dead",2018
2018,25,"524","Lupinus argenteus",155,95,-10,-10,0,1,"dead, tag missing",2018
2018,25,"525","Lupinus argenteus",165,100,0,-10,0,1,"dead, tag missing",2017
2018,25,"526","Lupinus argenteus",165,100,10,-10,0,1,"dead, tag missing",2017
2018,25,"527","Lupinus argenteus",170,105,-10,10,0,1,"dead, tag missing",2017
2018,25,"528","Lupinus argenteus",175,108,-10,-10,0,1,"dead, tag missing",2017
2018,25,"529","Lupinus argenteus",185,100,-10,-10,0,1,"dead, tag missing",2017
2018,25,"530","Lupinus argenteus",195,103,0,-10,0,1,"dead, tag missing",2017
2018,27,"1225","Heterotheca villosa",2,150,-10,-10,0,1,"dead, tag missing",2017
2018,27,"1228","Eriogonum umbellatum",18,136,-10,-10,0,1,"dead, tag missing",2017
2018,27,"1930","Ivesia gordonii",21,116,-10,-10,0,1,"dead",2018
2018,27,"1931","Eriogonum umbellatum",5,148,0,10,0,1,"dead",2018
2018,27,"1932","Eriogonum umbellatum",15,152,0,10,0,1,"dead, tag missing",2018
2018,27,"1933","Eriogonum umbellatum",13,150,0,10,0,1,"dead",2018
2018,27,"1935","Eriogonum umbellatum",134,102,-10,-10,0,1,"dead",2018
2018,27,"537","Heterotheca villosa",110,85,0,-10,0,1,"dead",2017
2018,27,"546","Ivesia gordonii",5,152,10,-10,0,1,"dead",2018
2018,27,"559","Ivesia gordonii",50,95,-10,-10,0,1,"dead, tag missing",2017
2018,27,"560","Ivesia gordonii",60,90,10,0,0,1,"dead, tag missing",2017
2018,27,"561","Ivesia gordonii",59,93,10,0,0,1,"dead, tag missing",2017
2018,27,"562","Ivesia gordonii",11,162,10,-10,0,1,"dead, tag missing",2017
2018,28,"1230","Lupinus argenteus",174,183,-10,-10,0,1,"dead, tag missing",2017
2018,28,"1231","Lupinus argenteus",163,154,-10,-10,0,1,"dead, tag missing",2017
2018,28,"1232","Lupinus argenteus",176,182,-10,-10,0,1,"dead, tag missing",2017
2018,28,"1630","Ivesia gordonii",130,81,-10,-10,0,1,"dead",2018
2018,28,"1631","Phacelia hastata",68,94,-10,-10,0,1,"dead",2018
2018,28,"1632","Heterotheca villosa",155,116,-10,-10,0,1,"dead",2018
2018,28,"1633","Phacelia hastata",170,136,-10,-10,0,1,"dead",2018
2018,28,"1939","Eriogonum umbellatum",20,20,-10,-10,0,1,"dead",2018
2018,28,"1940","Eriogonum umbellatum",40,17,0,-10,0,1,"dead",2018
2018,28,"1941","Agoseris glauca",32,27,-10,-10,0,1,"dead, tag missing",2018
2018,28,"1942","Eriogonum umbellatum",137,149,-10,-10,0,1,"dead",2018
2018,28,"1943","Ivesia gordonii",179,175,-10,-10,0,1,"dead",2018
2018,28,"1944","Eriogonum umbellatum",162,101,-10,-10,0,1,"dead",2018
2018,28,"1945","Ivesia gordonii",183,101,-10,-10,0,1,"dead",2018
2018,28,"1946","Heterotheca villosa",186,42,-10,-10,0,1,"dead",2018
2018,28,"1947","Phacelia hastata",192,15,-10,-10,0,1,"dead",2018
2018,28,"2176","Eriogonum umbellatum",180,105,-10,-10,0,1,"dead",2018
2018,28,"2177","Chaenactis douglasii",182,105,-10,-10,0,1,"dead",2018
2018,28,"565","Arnica latifolia",1,15,0,-10,0,1,"dead, tag missing",2017
2018,28,"569","Elymus lanceolatus",34.25,29.375,-10,-10,0,1,"dead",2018
2018,28,"573","Elymus lanceolatus",20,45,10,-5,0,1,"dead",2018
2018,28,"574","Pseudocymopterus montanus",15,54,-10,10,0,1,"dead",2018
2018,28,"575","Elymus lanceolatus",10,50,-10,-10,0,1,"dead, tag missing",2018
2018,28,"577","Elymus lanceolatus",25,65,5,5,0,1,"dead",2018
2018,28,"578","Ivesia gordonii",145,25,-10,-10,0,1,"dead",2018
2018,28,"579","Lupinus argenteus",145,30,-10,-10,0,1,"dead",2018
2018,28,"580","Ivesia gordonii",155,60,-10,-10,0,1,"dead",2018
2018,28,"581","Eriogonum umbellatum",170,85,-10,-10,0,1,"dead",2018
2018,28,"582","Ivesia gordonii",160,95,-10,-10,0,1,"dead",2018
2018,28,"583","Ivesia gordonii",165,100,10,-10,0,1,"dead",2018
2018,28,"584","Ivesia gordonii",190,105,-10,-10,0,1,"dead",2018
2018,28,"585","Ivesia gordonii",170,105,-10,-10,0,1,"dead",2018
2018,28,"586","Ivesia gordonii",170,105,-10,-10,0,1,"dead",2018
2018,28,"588","Arenaria congesta",185,115,-10,-10,0,1,"dead",2018
2018,28,"591","Ivesia gordonii",180,185,-10,-10,0,1,"dead",2018
2018,28,"593","Ivesia gordonii",140,145,-10,-10,0,1,"dead",2018
2018,28,"594","Agoseris glauca",150,130,10,0,0,1,"dead",2018
2018,28,"595","Elymus lanceolatus",150,128,10,0,0,1,"dead",2018
2018,28,"598","Phacelia hastata",135,120,0,-10,0,1,"dead, tag missing",2018
2018,28,"600","Ivesia gordonii",130,95,-10,-10,0,1,"dead",2018
2018,28,"601","Ivesia gordonii",128,100,-10,-10,0,1,"dead, tag missing",2018
2018,28,"604","Ivesia gordonii",110,105,-10,-10,0,1,"dead",2018
2018,28,"606","Ivesia gordonii",125,143,-10,-10,0,1,"dead",2018
2018,28,"607","Ivesia gordonii",115,130,-10,-10,0,1,"dead",2018
2018,28,"608","Phacelia hastata",120,133,-10,-10,0,1,"dead, tag missing",2017
2018,28,"609","Eriogonum umbellatum",90,145,-10,-10,0,1,"dead, tag missing",2017
2018,28,"610","Phacelia hastata",70,130,-10,-10,0,1,"dead",2018
2018,28,"611","Ivesia gordonii",80,85,-10,-10,0,1,"dead, tag missing",2017
2018,28,"612","Ivesia gordonii",75,90,-10,-10,0,1,"dead",2018
2018,29,"1233","Lupinus argenteus",147,110,-10,-10,0,1,"dead",2018
2018,29,"1234","Lupinus argenteus",157,166,-10,-10,0,1,"dead, tag missing",2017
2018,29,"1235","Lupinus argenteus",198,165,-10,-10,0,1,"dead",2018
2018,29,"1236","Lupinus argenteus",24,188,-10,-10,0,1,"dead, tag missing",2017
2018,29,"1634","Phacelia hastata",39,190,-10,-10,0,1,"dead, tag missing",2017
2018,29,"1635","Lupinus argenteus",65,165,-10,-10,0,1,"dead",2018
2018,29,"1948","Lupinus argenteus",8,9,-10,-10,0,1,"dead",2018
2018,29,"1949","Lupinus argenteus",52,78,-10,-10,0,1,"dead. New position",2018
2018,29,"1950","Lupinus argenteus",4,169,0,-10,0,1,"dead",2018
2018,29,"1951","Chaenactis douglasii",8,177,-10,-10,0,1,"dead",2018
2018,29,"1954","Eriogonum umbellatum",15,181,-10,-10,0,1,"dead",2018
2018,29,"1957","Lupinus argenteus",128,108,-10,-10,0,1,"dead",2018
2018,29,"1958","Lupinus argenteus",177,107,-10,-10,0,1,"dead",2018
2018,29,"1959","Lupinus argenteus",198,107,-10,-10,0,1,"dead",2018
2018,29,"1961","Chaenactis douglasii",171,58,-10,-10,0,1,"dead",2018
2018,29,"1962","Lupinus argenteus",158,25,-10,-10,0,1,"dead, tag missing",2018
2018,29,"613","Lupinus argenteus",140,10,-10,0,0,1,"dead, tag missing",2017
2018,29,"614","Lupinus argenteus",139,5,-10,0,0,1,"dead, tag missing",2017
2018,29,"615","Lupinus argenteus",163,30,-10,-10,0,1,"dead",2018
2018,29,"616","Lupinus argenteus",166,31,-10,-10,0,1,"dead, tag missing",2017
2018,29,"617","Lupinus argenteus",153,35,-10,-10,0,1,"dead, tag missing",2017
2018,29,"618","Lupinus argenteus",154,40,-10,-10,0,1,"dead, tag missing",2017
2018,29,"619","Lupinus argenteus",155,55,-10,-10,0,1,"dead, tag missing",2017
2018,29,"620","Lupinus argenteus",195,50,-10,-10,0,1,"dead, tag missing",2017
2018,29,"621","Lupinus argenteus",175,55,-10,-10,0,1,"dead, tag missing",2017
2018,29,"622","Lupinus argenteus",178,63,-10,-10,0,1,"dead, tag missing",2017
2018,29,"623","Lupinus argenteus",180,65,0,-5,0,1,"dead, tag missing",2017
2018,29,"624","Lupinus argenteus",185,70,0,-10,0,1,"dead, tag missing",2017
2018,29,"625","Lupinus argenteus",170,70,-10,-10,0,1,"dead, tag missing",2017
2018,29,"626","Lupinus argenteus",170,80,-10,0,0,1,"dead",2018
2018,29,"627","Lupinus argenteus",180,80,10,10,0,1,"dead, tag missing",2017
2018,29,"628","Elymus lanceolatus",180,82,10,10,0,1,"dead",2018
2018,29,"629","Elymus lanceolatus",180,84,10,10,0,1,"dead",2018
2018,29,"630","Lupinus argenteus",182,75,-10,-10,0,1,"dead, tag missing",2017
2018,29,"633","Lupinus argenteus",170,105,-10,-10,0,1,"dead, tag missing",2017
2018,29,"634","Lupinus argenteus",140,105,-10,-10,0,1,"dead, tag missing",2017
2018,29,"635","Lupinus argenteus",115,110,-10,-10,0,1,"dead, tag missing",2017
2018,29,"636","Lupinus argenteus",110,115,-10,-10,0,1,"dead, tag missing",2018
2018,29,"637","Lupinus argenteus",130,120,-10,-10,0,1,"dead, tag missing",2017
2018,29,"638","Lupinus argenteus",134,122,-10,-10,0,1,"dead, tag missing",2017
2018,29,"639","Lupinus argenteus",140,122,-10,-10,0,1,"dead, tag missing",2017
2018,29,"640","Lupinus argenteus",170,150,-10,-10,0,1,"dead, tag missing",2017
2018,29,"641","Lupinus argenteus",165,150,-10,-10,0,1,"dead, tag missing",2017
2018,29,"643","Lupinus argenteus",150,170,-10,-10,0,1,"dead, tag missing",2017
2018,29,"644","Lupinus argenteus",155,195,-10,-10,0,1,"dead",2018
2018,29,"645","Lupinus argenteus",115,190,-10,-10,0,1,"dead",2018
2018,29,"647","Lupinus argenteus",65,180,-10,-10,0,1,"dead, tag missing",2017
2018,29,"648","Lupinus argenteus",70,170,-10,-10,0,1,"dead, tag missing",2017
2018,29,"649","Lupinus argenteus",60,165,-10,-10,0,1,"dead, tag missing",2017
2018,29,"650","Lupinus argenteus",65,165,-10,-10,0,1,"dead, tag missing",2017
2018,29,"653","Lupinus argenteus",40,175,-10,-10,0,1,"dead",2018
2018,31,"1238","Lupinus argenteus",133,58,-10,-10,0,1,"dead, tag missing",2017
2018,31,"1636","Senecio crassulus",135,30,-10,-10,0,1,"dead, tag missing",2017
2018,31,"1637","Eriogonum umbellatum",55,181,-10,-10,0,1,"dead, tag missing",2018
2018,31,"1638","Eriogonum umbellatum",54.5,181.5,-10,-10,0,1,"dead",2018
2018,31,"1639","Eriogonum umbellatum",54,182,-10,-10,0,1,"dead",2018
2018,31,"1963","Agoseris glauca",135,5,-10,-10,0,1,"dead",2018
2018,31,"666","Elymus lanceolatus",121,10,-10,-10,0,1,"dead, tag missing",2018
2018,32,"1247","Lupinus argenteus",165,148,-10,-10,0,1,"dead, tag missing",2017
2018,32,"1965","Ivesia gordonii",168,75,-10,-10,0,1,"dead",2018
2018,32,"682","Ivesia gordonii",61,15,-10,-10,0,1,"dead",2018
2018,32,"687","Ivesia gordonii",175,85,-10,-10,0,1,"dead",2018
2018,32,"690","Ivesia gordonii",40,140,-10,-10,0,1,"dead",2018
2018,32,"691","Ivesia gordonii",25,75,-10,-10,0,1,"dead",2018
2018,33,"1253","Lupinus argenteus",158,182,-10,-10,0,1,"dead, tag missing",2017
2018,33,"1254","Lupinus argenteus",169,187,-10,-10,0,1,"dead, tag missing",2017
2018,33,"1257","Lupinus argenteus",169,194,-10,-10,0,1,"dead, tag missing",2017
2018,33,"1258","Lupinus argenteus",142,169,-10,-10,0,1,"dead, tag missing",2017
2018,33,"1259","Lupinus argenteus",140,185,-10,-10,0,1,"dead, tag missing",2017
2018,33,"1260","Lupinus argenteus",133,186,-10,-10,0,1,"dead, tag missing",2017
2018,33,"1263","Elymus lanceolatus",108,174,-10,-10,0,1,"dead, tag missing",2018
2018,33,"1642","Lupinus argenteus",29,164,-10,-10,0,1,"dead",2018
2018,33,"1643","Lupinus argenteus",27,190,-10,-10,0,1,"dead, tag missing",2017
2018,33,"1646","Heterotheca villosa",70,144,-10,-10,0,1,"dead, tag missing",2017
2018,33,"1969","Lupinus argenteus",80,155,-10,-10,0,1,"dead, tag missing",2018
2018,33,"1972","Eriogonum umbellatum",79,186,-10,-10,0,1,"dead",2018
2018,33,"1973","Chaenactis douglasii",77,191,-10,-10,0,1,"dead",2018
2018,33,"1977","Heterotheca villosa",179,99,-10,-10,0,1,"dead",2018
2018,33,"1978","Lupinus argenteus",55,155,-10,-10,0,1,"dead",2018
2018,33,"1984","Poa stenantha",124,142,-10,-10,0,1,"dead",2018
2018,33,"1985","Lupinus argenteus",151,134,-10,-10,0,1,"dead",2018
2018,33,"1986","Eriogonum umbellatum",109,127,-10,-10,0,1,"dead",2018
2018,33,"1987","Eriogonum umbellatum",119,128,-10,-10,0,1,"dead",2018
2018,33,"1988","Agoseris glauca",124,124,-10,-10,0,1,"dead",2018
2018,33,"694","Ivesia gordonii",25,25,-10,-10,0,1,"dead, tag missing",2017
2018,33,"698","Ivesia gordonii",80,75,-10,-10,0,1,"dead",2018
2018,33,"699","Ivesia gordonii",103,30,-10,-10,0,1,"dead, tag missing",2017
2018,33,"701","Eriogonum umbellatum",128,20,-10,-10,0,1,"dead, tag missing",2017
2018,33,"702","Eriogonum umbellatum",132,5,10,0,0,1,"dead, tag missing",2017
2018,33,"703","Ivesia gordonii",145,35,-10,-10,0,1,"dead, tag missing",2017
2018,33,"706","Lupinus argenteus",160,75,-10,-10,0,1,"dead, tag missing",2017
2018,33,"707","Lupinus argenteus",175,85,-10,-10,0,1,"dead, tag missing",2017
2018,33,"708","Lupinus argenteus",165,192,-10,-10,0,1,"dead, tag missing",2018
2018,33,"710","Lupinus argenteus",175,105,0,-10,0,1,"dead, tag missing",2017
2018,33,"711","Lupinus argenteus",170,100,0,10,0,1,"dead, tag missing",2017
2018,33,"713","Ivesia gordonii",175,102,0,10,0,1,"dead, tag missing",2017
2018,33,"714","Lupinus argenteus",185,105,10,10,0,1,"dead",2018
2018,33,"718","Ivesia gordonii",145,110,-10,-10,0,1,"dead, tag missing",2017
2018,33,"719","Ivesia gordonii",120,100,-10,-10,0,1,"dead, tag missing",2017
2018,33,"720","Ivesia gordonii",145,75,-10,-10,0,1,"dead",2018
2018,33,"721","Ivesia gordonii",125,120,-10,-10,0,1,"dead",2018
2018,33,"722","Ivesia gordonii",180,140,-10,-10,0,1,"dead, tag missing",2017
2018,33,"735","Eriogonum umbellatum",90,180,-15,5,0,1,"Tag found. Should have been pulled previously",2018
2018,33,"738","Eriogonum umbellatum",100,200,-10,-10,0,1,"dead, tag missing",2017
2018,33,"741","Lupinus argenteus",65,180,-10,-10,0,1,"dead, tag missing",2017
2018,33,"742","Lupinus argenteus",55,70,-10,-10,0,1,"dead, tag missing",2017
2018,33,"744","Lupinus argenteus",60,150,-10,-10,0,1,"dead, tag missing",2017
2018,33,"745","Lupinus argenteus",65,150,-10,-10,0,1,"dead, tag missing",2017
2018,34,"1649","Elymus lanceolatus",120,51,0,0,0,1,"dead",2018
2018,34,"1990","Lupinus argenteus",200,168,-10,-10,0,1,"dead",2018
2018,34,"1991","Elymus lanceolatus",115,60,-10,-10,0,1,"dead",2018
2018,34,"758","Elymus lanceolatus",40,200,0,-10,0,1,"dead, tag missing",2017
2018,34,"760","Ivesia gordonii",5,115,0,-10,0,1,"dead, tag missing",2017
2018,35,"761","Lupinus argenteus",195,35,-10,-10,0,1,"dead, tag missing",2017
2018,36,"1266","Lupinus argenteus",13,57,-10,-10,0,1,"dead, tag missing",2017
2018,36,"1267","Lupinus argenteus",99,35,-10,-10,0,1,"dead, tag missing",2017
2018,36,"1268","Lupinus argenteus",95,56,-10,-10,0,1,"dead",2018
2018,36,"1269","Lupinus argenteus",135,39,-10,-10,0,1,"dead, tag missing",2017
2018,36,"1270","Lupinus argenteus",134,50,-10,-10,0,1,"dead, tag missing",2017
2018,36,"1271","Lupinus argenteus",183,22,-10,-10,0,1,"dead",2018
2018,36,"1272","Lupinus argenteus",167,57,-10,-10,0,1,"dead, tag missing",2017
2018,36,"1273","Lupinus argenteus",176,52,-10,-10,0,1,"dead, tag missing",2017
2018,36,"1274","Lupinus argenteus",132,85,-10,-10,0,1,"dead",2018
2018,36,"1275","Lupinus argenteus",127,90,-10,-10,0,1,"dead, tag missing",2017
2018,36,"1276","Lupinus argenteus",160,110,-10,-10,0,1,"dead",2018
2018,36,"1278","Lupinus argenteus",185,168,-10,-10,0,1,"dead",2018
2018,36,"1283","Lupinus argenteus",110,186,-10,-10,0,1,"dead",2018
2018,36,"1284","Lupinus argenteus",37,175,-10,-10,0,1,"dead",2018
2018,36,"1650","Eriogonum umbellatum",165,28,0,10,0,1,"dead",2018
2018,36,"1994","Lupinus argenteus",86,0,-10,-10,0,1,"dead, tag missing",2018
2018,36,"1999","Lupinus argenteus",114,153,10,0,0,1,"dead",2018
2018,36,"2002","Lupinus argenteus",178,128,-10,-10,0,1,"dead",2018
2018,36,"764","Senecio crassulus",85,20,-10,0,0,1,"dead",2018
2018,36,"765","Senecio crassulus",85,25,-10,0,0,1,"dead, tag missing",2017
2018,36,"766","Heterotheca villosa",85,30,10,0,0,1,"dead, tag missing",2017
2018,36,"768","Elymus lanceolatus",80,30,0,10,0,1,"dead, tag missing",2018
2018,36,"772","Lupinus argenteus",160,40,-10,-10,0,1,"dead, tag missing",2017
2018,36,"773","Heterotheca villosa",185,40,-10,-10,0,1,"dead",2018
2018,36,"775","Lupinus argenteus",185,115,-10,-10,0,1,"dead",2018
2018,36,"777","Heterotheca villosa",165,145,-10,-10,0,1,"dead, tag missing",2017
2018,36,"778","Heterotheca villosa",162,148,-10,-10,0,1,"dead",2018
2018,36,"779","Lupinus argenteus",155,180,-10,-10,0,1,"dead",2018
2018,36,"785","Heterotheca villosa",110,130,-10,-10,0,1,"dead",2018
2018,36,"787","Lupinus argenteus",80,90,-10,-10,0,1,"dead",2018
2018,37,"1286","Lupinus argenteus",31,15,-10,-10,0,1,"dead, tag missing",2017
2018,37,"1293","Lupinus argenteus",112,25,-10,-10,0,1,"dead, tag missing",2017
2018,37,"1294","Heterotheca villosa",157,30,-10,-10,0,1,"dead, tag missing",2017
2018,37,"1295","Lupinus argenteus",183,30,-10,-10,0,1,"dead, tag missing",2017
2018,37,"1296","Lupinus argenteus",189,29,-10,-10,0,1,"dead",2018
2018,37,"1297","Lupinus argenteus",195,58,-10,-10,0,1,"dead",2018
2018,37,"1298","Lupinus argenteus",181,135,-10,-10,0,1,"dead",2018
2018,37,"1301","Ivesia gordonii",85,115,-10,-10,0,1,"dead, tag missing",2017
2018,37,"1303","Lupinus argenteus",95,148,-10,-10,0,1,"dead, tag missing",2017
2018,37,"1304","Lupinus argenteus",94,158,-10,-10,0,1,"dead, tag missing",2017
2018,37,"1306","Lupinus argenteus",144,143,-10,-10,0,1,"dead, tag missing",2017
2018,37,"1308","Lupinus argenteus",42,141,-10,-10,0,1,"dead, tag missing",2017
2018,37,"1309","Lupinus argenteus",80,175,-10,-10,0,1,"dead",2018
2018,37,"1310","Lupinus argenteus",5,196,-10,-10,0,1,"dead, tag missing",2017
2018,37,"1311","Lupinus argenteus",28,200,-10,-10,0,1,"dead",2018
2018,37,"1313","Lupinus argenteus",60,195,-10,-10,0,1,"dead",2018
2018,37,"1315","Lupinus argenteus",163,200,-10,-10,0,1,"dead",2018
2018,37,"1653","Lupinus argenteus",180,11,-10,-10,0,1,"dead, tag missing",2017
2018,37,"1654","Lupinus argenteus",184,9,-10,-10,0,1,"dead, tag missing",2017
2018,37,"1655","Lupinus argenteus",8,73,-10,-10,0,1,"dead",2018
2018,37,"1656","Lupinus argenteus",198,120,-10,-10,0,1,"dead, tag missing",2017
2018,37,"1657","Senecio crassulus",84,94,-10,-10,0,1,"dead, tag missing",2017
2018,37,"1658","Heterotheca villosa",83,96,-10,-10,0,1,"dead",2018
2018,37,"1660","Ivesia gordonii",84,88,-10,-10,0,1,"dead, tag missing",2017
2018,37,"1661","Ivesia gordonii",81,79,-10,-10,0,1,"dead, tag missing",2017
2018,37,"2006","Ivesia gordonii",54,7,-10,-10,0,1,"dead",2018
2018,37,"2007","Ivesia gordonii",57,17,-10,-10,0,1,"dead",2018
2018,37,"2008","Agoseris glauca",59,13,-10,-10,0,1,"dead",2018
2018,37,"2009","Ivesia gordonii",54,24,-10,-10,0,1,"dead",2018
2018,37,"2010","Ivesia gordonii",58,28,-10,-10,0,1,"dead",2018
2018,37,"2011","Ivesia gordonii",59,27,-10,-10,0,1,"dead",2018
2018,37,"2012","Ivesia gordonii",7,26,-10,-10,0,1,"dead",2018
2018,37,"2013","Ivesia gordonii",82,25,-10,-10,0,1,"dead",2018
2018,37,"2014","Ivesia gordonii",79,29,-10,-10,0,1,"dead",2018
2018,37,"2015","Ivesia gordonii",86,27,-10,-10,0,1,"dead",2018
2018,37,"2016","Ivesia gordonii",87,29,0,-10,0,1,"dead",2018
2018,37,"2017","Ivesia gordonii",82,37,-10,-10,0,1,"dead",2018
2018,37,"2019","Ivesia gordonii",63,66,-10,-10,0,1,"dead",2018
2018,37,"2021","Agoseris glauca",73,72,10,0,0,1,"dead",2018
2018,37,"2024","Lupinus argenteus",74,74,10,0,0,1,"dead",2018
2018,37,"2031","Eriogonum umbellatum",5,177,-10,-10,0,1,"dead",2018
2018,37,"2032","Heterotheca villosa",111,187,-10,-10,0,1,"dead",2018
2018,37,"2034","Lupinus argenteus",70,156,-10,-10,0,1,"dead",2018
2018,37,"2037","Lupinus argenteus",134,178,-10,-10,0,1,"dead",2018
2018,37,"2038","Lupinus argenteus",140,175,-10,-10,0,1,"dead",2018
2018,37,"2039","Ivesia gordonii",137,168,-10,-10,0,1,"dead",2018
2018,37,"2041","Ivesia gordonii",98,90,-10,-10,0,1,"dead",2018
2018,37,"2044","Lupinus argenteus",189,33,-10,-10,0,1,"dead",2018
2018,37,"2045","Lupinus argenteus",180,14,-10,-10,0,1,"dead",2018
2018,37,"789","Eriogonum umbellatum",58,10,-10,-10,0,1,"dead, tag missing",2017
2018,37,"791","Lupinus argenteus",60,23,-10,-10,0,1,"dead",2018
2018,37,"792","Lupinus argenteus",65,32,-10,-10,0,1,"dead",2018
2018,37,"794","Lupinus argenteus",75,48,-10,-10,0,1,"dead, tag missing",2017
2018,37,"799","Lupinus argenteus",112,12,-10,-10,0,1,"dead, tag missing",2017
2018,37,"800","Lupinus argenteus",160,30,-10,-10,0,1,"dead, tag missing",2017
2018,37,"801","Lupinus argenteus",162,35,0,10,0,1,"dead, tag missing",2017
2018,37,"802","Lupinus argenteus",165,35,0,10,0,1,"dead, tag missing",2018
2018,37,"803","Lupinus argenteus",182,22,-10,-10,0,1,"dead, tag missing",2017
2018,37,"804","Lupinus argenteus",180,40,-10,-10,0,1,"dead",2018
2018,37,"811","Lupinus argenteus",95,175,-10,-10,0,1,"dead",2018
2018,37,"813","Lupinus argenteus",0,200,0,-10,0,1,"dead",2018
2018,37,"819","Lupinus argenteus",85,110,-10,-10,0,1,"dead, tag missing",2017
2018,37,"821","Lupinus argenteus",73,100,-10,-10,0,1,"dead, tag missing",2017
2018,38,"1317","Lupinus argenteus",24,140,-10,-10,0,1,"dead",2018
2018,38,"825","Ivesia gordonii",135,120,-10,-10,0,1,"dead",2018
2018,38,"826","Ivesia gordonii",165,100,-5,-2,0,1,"dead",2018
2018,40,"1319","Lupinus argenteus",187,0,-10,-10,0,1,"dead, tag missing",2017
2018,40,"1320","Lupinus argenteus",198,196,-10,-10,0,1,"dead",2018
2018,40,"829","Lupinus argenteus",50,15,-10,-10,0,1,"dead, tag missing",2017
2018,40,"830","Lupinus argenteus",50,18,-10,-10,0,1,"dead, tag missing",2017
2018,40,"831","Lupinus argenteus",50,22,-10,-10,0,1,"dead, tag missing",2017
2018,40,"832","Lupinus argenteus",50,25,-10,-10,0,1,"dead, tag missing",2017
2018,40,"837","Lupinus argenteus",40,65,-10,-10,0,1,"dead, tag missing",2017
2018,41,"1322","Lupinus argenteus",35,1,-10,-10,0,1,"dead",2018
2018,41,"1323","Lupinus argenteus",30,9,-10,-10,0,1,"dead, tag missing",2017
2018,41,"1326","Lupinus argenteus",34,31,-10,-10,0,1,"dead",2018
2018,41,"1328","Lupinus argenteus",71,52,-10,-10,0,1,"dead",2018
2018,41,"1329","Lupinus argenteus",12,70,-10,-10,0,1,"dead, tag missing",2017
2018,41,"1330","Arenaria congesta",14,78,-10,-10,0,1,"dead, tag missing",2017
2018,41,"1331","Lupinus argenteus",149,19,-10,-10,0,1,"dead, tag missing",2017
2018,41,"1332","Lupinus argenteus",151,21,-10,-10,0,1,"dead, tag missing",2017
2018,41,"1333","Lupinus argenteus",45,115,-10,-10,0,1,"dead, tag missing",2017
2018,41,"1334","Lupinus argenteus",45,125,-10,-10,0,1,"dead, tag missing",2017
2018,41,"1335","Lupinus argenteus",58,147,-10,-10,0,1,"dead, tag missing",2017
2018,41,"1336","Lupinus argenteus",66,144,-10,-10,0,1,"dead, tag missing",2017
2018,41,"1337","Lupinus argenteus",180,30,-10,-10,0,1,"dead, tag missing",2017
2018,41,"1338","Lupinus argenteus",68,151,-10,-10,0,1,"dead",2018
2018,41,"1339","Lupinus argenteus",107,80,-10,-10,0,1,"dead, tag missing",2017
2018,41,"1340","Lupinus argenteus",91,62,-10,-10,0,1,"dead, tag missing",2017
2018,41,"1341","Lupinus argenteus",102,87,-10,-10,0,1,"dead, tag missing",2017
2018,41,"1342","Lupinus argenteus",105,79,-10,-10,0,1,"dead, tag missing",2017
2018,41,"1343","Lupinus argenteus",105,60,-10,-10,0,1,"dead, tag missing",2017
2018,41,"1344","Lupinus argenteus",135,38,-10,-10,0,1,"dead, tag missing",2017
2018,41,"1345","Lupinus argenteus",133,36,-10,-10,0,1,"dead, tag missing",2018
2018,41,"1346","Lupinus argenteus",137,55,-10,-10,0,1,"dead, tag missing",2018
2018,41,"1347","Lupinus argenteus",133,69,-10,-10,0,1,"dead",2018
2018,41,"1348","Lupinus argenteus",10,198,-10,-10,0,1,"dead",2018
2018,41,"1349","Lupinus argenteus",6,135,-10,-10,0,1,"dead, tag missing",2017
2018,41,"1351","Lupinus argenteus",73,125,-10,-10,0,1,"dead, tag missing",2017
2018,41,"1351A","Lupinus argenteus",107,192,-10,-10,0,1,"dead, tag missing",2017
2018,41,"1352","Lupinus argenteus",130,165,-10,-10,0,1,"dead",2018
2018,41,"1354","Lupinus argenteus",154,116,-10,-10,0,1,"dead",2018
2018,41,"1355","Lupinus argenteus",147,136,-10,-10,0,1,"dead, tag missing",2017
2018,41,"1356","Eriogonum umbellatum",139,136,-10,-10,0,1,"dead, tag missing",2017
2018,41,"1357","Eriogonum umbellatum",139,134,-10,-10,0,1,"dead",2018
2018,41,"1358","Lupinus argenteus",195,168,-10,-10,0,1,"dead, tag missing",2017
2018,41,"1359","Lupinus argenteus",163,156,-10,-10,0,1,"dead",2018
2018,41,"1360","Lupinus argenteus",163,163,-10,-10,0,1,"dead",2018
2018,41,"1362","Senecio crassulus",185,175,-10,-10,0,1,"dead",2018
2018,41,"1363","Lupinus argenteus",126,165,-10,-10,0,1,"dead, tag missing",2017
2018,41,"1368","Eriogonum umbellatum",161,197,-10,-10,0,1,"dead, tag missing",2018
2018,41,"1369","Eriogonum umbellatum",190,182,-10,-10,0,1,"dead, tag missing",2018
2018,41,"1370","Lupinus argenteus",114,106,-10,-10,0,1,"dead, tag missing",2017
2018,41,"1371","Lupinus argenteus",113,109,-10,-10,0,1,"dead, tag missing",2017
2018,41,"1372","Lupinus argenteus",200,92,-10,-10,0,1,"dead, tag missing",2017
2018,41,"1373","Lupinus argenteus",168,77,-10,-10,0,1,"dead",2018
2018,41,"1375","Lupinus argenteus",190,50,-10,-10,0,1,"dead, tag missing",2017
2018,41,"1376","Lupinus argenteus",197,4,-10,-10,0,1,"dead",2018
2018,41,"1377","Lupinus argenteus",123,119,-10,-10,0,1,"dead, tag missing",2017
2018,41,"1378","Lupinus argenteus",127,154,-10,-10,0,1,"dead, tag missing",2017
2018,41,"1666","Lupinus argenteus",0,70,-10,-10,0,1,"dead, tag missing",2017
2018,41,"1667","Arenaria congesta",1,71,-10,-10,0,1,"dead, tag missing",2017
2018,41,"1668","Lupinus argenteus",3,101,-10,-10,0,1,"dead, tag missing",2017
2018,41,"1669","Ivesia gordonii",83,68,-10,-10,0,1,"dead, tag missing",2017
2018,41,"1670","Lupinus argenteus",5,114,-10,-10,0,1,"dead, tag missing",2017
2018,41,"1673","Phacelia hastata",105,199,-10,-10,0,1,"dead, tag missing",2017
2018,41,"1674","Phacelia hastata",95,199,-10,-10,0,1,"dead",2018
2018,41,"2050","Lupinus argenteus",156,118,-10,-10,0,1,"dead",2018
2018,41,"2052","Phacelia hastata",134,132,-10,-10,0,1,"dead",2018
2018,41,"2055","Arnica latifolia",153,178,-10,-10,0,1,"dead",2018
2018,41,"2058","Pseudocymopterus montanus",146,190,0,10,0,1,"dead",2018
2018,41,"2059","Lupinus argenteus",162,180,-10,-10,0,1,"dead",2018
2018,41,"2061","Arnica latifolia",138,187,-10,-10,0,1,"dead",2018
2018,41,"2063","Lupinus argenteus",49,179,-10,-10,0,1,"dead",2018
2018,41,"838","Ivesia gordonii",62,15,-10,-10,0,1,"dead",2018
2018,41,"839","Ivesia gordonii",85,70,-10,-10,0,1,"dead",2018
2018,41,"840","Lupinus argenteus",140,110,-10,-10,0,1,"dead, tag missing",2017
2018,41,"841","Lupinus argenteus",150,120,-10,-10,0,1,"dead, tag missing",2018
2018,41,"842","Lupinus argenteus",155,125,-10,-10,0,1,"dead, tag missing",2017
2018,41,"843","Lupinus argenteus",160,135,-10,-10,0,1,"dead",2018
2018,41,"844","Lupinus argenteus",155,145,-10,-10,0,1,"dead",2018
2018,41,"845","Lupinus argenteus",150,150,-10,-10,0,1,"dead",2018
2018,41,"846","Lupinus argenteus",120,160,-10,-10,0,1,"dead, tag missing",2017
2018,41,"847","Lupinus argenteus",110,165,-10,-10,0,1,"dead",2018
2018,41,"858","Lupinus argenteus",5,183,0,-10,0,1,"dead",2018
2018,42,"1379","Lupinus argenteus",21,15,-10,-10,0,1,"dead, tag missing",2017
2018,42,"1381","Lupinus argenteus",29,58,-10,-10,0,1,"dead, tag missing",2017
2018,42,"1384","Lupinus argenteus",28,42,-10,-10,0,1,"dead, tag missing",2017
2018,42,"1388","Lupinus argenteus",0,90,-10,-10,0,1,"dead, tag missing",2018
2018,42,"1391","Lupinus argenteus",62,119,-10,-10,0,1,"dead",2018
2018,42,"1392","Eriogonum umbellatum",1,168,-10,-10,0,1,"dead",2018
2018,42,"1395","Lupinus argenteus",24,195,-10,-10,0,1,"dead, tag missing",2018
2018,42,"1396","Lupinus argenteus",24,197,-10,-10,0,1,"dead",2018
2018,42,"1397","Lupinus argenteus",23,184,-10,-10,0,1,"dead",2018
2018,42,"1400","Lupinus argenteus",43,147,-10,-10,0,1,"dead",2018
2018,42,"1401","Lupinus argenteus",84,167,-10,-10,0,1,"dead, tag missing",2017
2018,42,"1404","Lupinus argenteus",140,41,-10,-10,0,1,"dead, tag missing",2017
2018,42,"1405","Lupinus argenteus",172,33,-10,-10,0,1,"dead",2018
2018,42,"1406","Lupinus argenteus",123,85,-10,-10,0,1,"dead, tag missing",2017
2018,42,"1407","Lupinus argenteus",102,9,-10,-10,0,1,"dead",2018
2018,42,"1408","Lupinus argenteus",154,3,-10,-10,0,1,"dead",2018
2018,42,"1409","Lupinus argenteus",51,135,-10,-10,0,1,"dead",2018
2018,42,"1410","Lupinus argenteus",42,197,-3,-5,0,1,"dead",2018
2018,42,"1675","Lupinus argenteus",0,40,-10,-10,0,1,"dead",2018
2018,42,"2064","Heterotheca villosa",0,165,-10,-10,0,1,"dead",2018
2018,42,"2065","Senecio crassulus",12,197,-10,-10,0,1,"dead",2018
2018,42,"2066","Penstemon whippleanus",17,197,-10,-10,0,1,"dead",2018
2018,42,"2067","Eriogonum umbellatum",124,198,-10,-10,0,1,"dead",2018
2018,42,"2068","Elymus lanceolatus",20,190,-10,-10,0,1,"dead",2018
2018,42,"2069","Lupinus argenteus",135,200,-10,-10,0,1,"dead",2018
2018,42,"2070","Lupinus argenteus",135,90,-10,-10,0,1,"dead",2018
2018,42,"2071","Heterotheca villosa",136,90,-10,-10,0,1,"dead",2018
2018,42,"2072","Lupinus argenteus",185,41,-10,-10,0,1,"dead",2018
2018,42,"863","Eriogonum umbellatum",0,40,0,-10,0,1,"dead, tag missing",2017
2018,42,"866","Elymus lanceolatus",10,55,-10,-10,0,1,"dead, tag missing",2018
2018,42,"867","Lupinus argenteus",135,175,-10,-10,0,1,"dead",2018
2018,42,"868","Lupinus argenteus",180,170,-10,-10,0,1,"dead, tag missing",2017
2018,42,"869","Lupinus argenteus",20,190,-5,-5,0,1,"dead, tag missing",2017
2018,42,"870","Lupinus argenteus",15,200,-10,-10,0,1,"dead, tag missing",2017
2018,42,"871","Lupinus argenteus",10,180,-10,-10,0,1,"dead, tag missing",2017
2018,43,"2073","Lupinus argenteus",136,75,-10,-10,0,1,"dead",2018
2018,45,"2074","Eriogonum umbellatum",3,27,-10,-10,0,1,"dead",2018
2018,45,"2076","Lupinus argenteus",124,97,-10,-10,0,1,"dead",2018
2018,45,"873","Heterotheca villosa",1,2,0,-10,0,1,"dead, tag missing",2017
2018,45,"875","Heterotheca villosa",90,70,-10,-10,0,1,"dead, tag missing",2017
2018,46,"1000","Agoseris glauca",170,155,-10,-10,0,1,"dead, tag missing",2017
2018,46,"1001","Elymus lanceolatus",165,165,0,-5,0,1,"dead",2018
2018,46,"1003","Carex siccata",170,165,-10,-10,0,1,"dead, tag missing",2018
2018,46,"1004","Carex siccata",165,170,-10,-10,0,1,"dead",2018
2018,46,"1006","Carex siccata",180,170,0,0,0,1,"dead",2018
2018,46,"1012","Ivesia gordonii",155,190,-10,-10,0,1,"dead",2018
2018,46,"1021","Carex siccata",35,120,-10,-10,0,1,"dead",2018
2018,46,"1440","Lupinus argenteus",10,5,-10,-10,0,1,"dead",2018
2018,46,"1441","Heterotheca villosa",20,18,-10,-10,0,1,"dead",2018
2018,46,"1442","Senecio crassulus",29,17,-10,-10,0,1,"dead",2018
2018,46,"1443","Senecio crassulus",33,14,-10,-10,0,1,"dead",2018
2018,46,"1444","Viola praemorsa",35,13,-10,-10,0,1,"dead",2018
2018,46,"1445","Eriogonum umbellatum",46,17,-10,-10,0,1,"dead, tag missing",2017
2018,46,"1447","Senecio crassulus",56,33,-10,-10,0,1,"dead, tag missing",2017
2018,46,"1448","Senecio crassulus",63,34,-10,-10,0,1,"dead, tag missing",2017
2018,46,"1450","Heterotheca villosa",80,22,-10,-10,0,1,"dead",2018
2018,46,"1451","Lupinus argenteus",83,13,-10,-10,0,1,"dead, tag missing",2017
2018,46,"1456","Viola praemorsa",101,15,-10,-10,0,1,"dead",2018
2018,46,"1457","Ivesia gordonii",108,14,-10,-10,0,1,"dead",2018
2018,46,"1458","Heterotheca villosa",111,10,-10,-10,0,1,"dead, tag missing",2017
2018,46,"1459","Phacelia hastata",104,35,-10,-10,0,1,"dead",2018
2018,46,"1460","Senecio crassulus",54,48,-10,-10,0,1,"dead",2018
2018,46,"1461","Eriogonum umbellatum",77,54,-10,-10,0,1,"dead",2018
2018,46,"1463","Lupinus argenteus",120,16,-10,-10,0,1,"dead",2018
2018,46,"1464","Lupinus argenteus",117,22,-10,-10,0,1,"dead",2018
2018,46,"1465","Ivesia gordonii",118,26,-10,-10,0,1,"dead",2018
2018,46,"1466","Lupinus argenteus",109,30,-10,-10,0,1,"dead",2018
2018,46,"1467","Lupinus argenteus",98,52,-10,-10,0,1,"dead",2018
2018,46,"1468","Lupinus argenteus",98,49,-10,-10,0,1,"dead",2018
2018,46,"1469","Lupinus argenteus",102,49,-10,-10,0,1,"dead, tag missing",2017
2018,46,"1470","Lupinus argenteus",97,42,-10,-10,0,1,"dead",2018
2018,46,"1472","Heterotheca villosa",78,49,-10,-10,0,1,"dead, tag missing",2017
2018,46,"1474","Lupinus argenteus",103,0,-10,-10,0,1,"dead, tag missing",2017
2018,46,"1476","Eriogonum umbellatum",54,12.5,-10,-10,0,1,"dead",2018
2018,46,"1480","Ivesia gordonii",136,19,-10,-10,0,1,"dead",2018
2018,46,"1484","Arenaria congesta",160,7,-10,-10,0,1,"dead, tag missing",2018
2018,46,"1485","Ivesia gordonii",172,8,-10,-10,0,1,"dead",2018
2018,46,"1486","Lupinus argenteus",165,18,-10,-10,0,1,"dead, tag missing",2017
2018,46,"1487","Ivesia gordonii",148,33,-10,-10,0,1,"dead",2018
2018,46,"1488","Arenaria congesta",150,34,-10,-10,0,1,"dead",2018
2018,46,"1493","Ivesia gordonii",177,23,-10,-10,0,1,"dead, tag missing",2017
2018,46,"1494","Ivesia gordonii",166,23,-10,-10,0,1,"dead, tag missing",2017
2018,46,"1495","Eriogonum umbellatum",190,10,-10,-10,0,1,"dead, tag missing",2018
2018,46,"1496","Lupinus argenteus",175,1,-10,-10,0,1,"dead",2018
2018,46,"1497","Lupinus argenteus",193,68,-10,-10,0,1,"dead",2018
2018,46,"1498","Ivesia gordonii",186,15,-10,-10,0,1,"dead, tag missing",2017
2018,46,"1499","Lupinus argenteus",138,77,-10,-10,0,1,"dead",2018
2018,46,"1500","Lupinus argenteus",143,75,-10,-10,0,1,"dead, tag missing",2018
2018,46,"1501","Lupinus argenteus",140,77,-10,-10,0,1,"dead, tag missing",2017
2018,46,"1502","Lupinus argenteus",163,90,-10,-10,0,1,"dead",2018
2018,46,"1503","Senecio crassulus",172,79,-10,-10,0,1,"dead",2018
2018,46,"1508","Chaenactis douglasii",180,100,-10,-10,0,1,"dead, tag missing",2017
2018,46,"1509","Phacelia hastata",170,110,-10,-10,0,1,"dead, tag missing",2017
2018,46,"1510","Eriogonum umbellatum",165,112,-10,-10,0,1,"dead",2018
2018,46,"1511","Lupinus argenteus",126,81,-10,-10,0,1,"dead",2018
2018,46,"1512","Lupinus argenteus",125,88,-10,-10,0,1,"dead",2018
2018,46,"1514","Phacelia hastata",120,91,-10,-10,0,1,"dead, tag missing",2017
2018,46,"1515","Lupinus argenteus",68,100,-10,-10,0,1,"dead",2018
2018,46,"1516","Lupinus argenteus",97,90,-10,-10,0,1,"dead",2018
2018,46,"1517","Lupinus argenteus",60,125,-10,-10,0,1,"dead, tag missing",2017
2018,46,"1518","Lupinus argenteus",37,165,-10,-10,0,1,"dead, tag missing",2017
2018,46,"1519","Lupinus argenteus",52,186,-10,-10,0,1,"dead, tag missing",2017
2018,46,"1522","Lupinus argenteus",107,155,-10,-10,0,1,"dead",2018
2018,46,"1523","Lupinus argenteus",91,175,-10,-10,0,1,"dead, tag missing",2017
2018,46,"1524","Lupinus argenteus",116,160,-10,-10,0,1,"dead, tag missing",2017
2018,46,"1526","Eriogonum umbellatum",115,135,-10,-10,0,1,"dead, tag missing",2017
2018,46,"1527","Eriogonum umbellatum",180,115,-10,-10,0,1,"dead",2018
2018,46,"1528","Viola praemorsa",181,110,-10,-10,0,1,"dead, tag missing",2017
2018,46,"1532","Senecio crassulus",190,118,-10,-10,0,1,"dead",2018
2018,46,"1535","Lupinus argenteus",15,190,-10,-10,0,1,"dead",2017
2018,46,"1537","Senecio crassulus",73,103,-10,-10,0,1,"dead",2018
2018,46,"1538","Phacelia hastata",113,80,-10,-10,0,1,"dead",2018
2018,46,"1539","Agoseris glauca",120,67,-10,-10,0,1,"dead",2018
2018,46,"1681","Senecio crassulus",43,25,-10,-10,0,1,"dead, tag missing",2017
2018,46,"1682","Heterotheca villosa",43,24,-10,-10,0,1,"dead",2018
2018,46,"1683","Heterotheca villosa",50,26,-10,-10,0,1,"dead, tag missing",2017
2018,46,"1687","Heterotheca villosa",31,67,-10,-10,0,1,"dead",2018
2018,46,"1688","Senecio crassulus",30,113,-10,-10,0,1,"dead, tag missing",2018
2018,46,"1690","Carex siccata",36,127,0,10,0,1,"dead, tag missing",2017
2018,46,"1692","Heterotheca villosa",28,48,-10,-10,0,1,"dead",2018
2018,46,"1693","Agoseris glauca",29,49,-10,-10,0,1,"dead",2018
2018,46,"1694","Eriogonum umbellatum",30,50,-10,-10,0,1,"dead, tag missing",2017
2018,46,"1695","Ivesia gordonii",92,23,-10,-10,0,1,"dead",2018
2018,46,"1697","Lupinus argenteus",130,7,-10,-10,0,1,"dead",2018
2018,46,"1698","Arenaria congesta",129,1,-10,-10,0,1,"dead",2018
2018,46,"1699","Chaenactis douglasii",82,36,-10,-10,0,1,"dead",2018
2018,46,"1700","Heterotheca villosa",155,11,-5,-10,0,1,"dead",2018
2018,46,"1701","Agoseris glauca",200,4,-10,-10,0,1,"dead",2018
2018,46,"1705","Agoseris glauca",152,37,-10,-10,0,1,"dead",2018
2018,46,"1707","Lupinus argenteus",84,42,-10,-10,0,1,"dead",2018
2018,46,"1709","Heterotheca villosa",78,99,-10,-10,0,1,"dead",2018
2018,46,"1710","Senecio crassulus",78,99.5,-10,-10,0,1,"dead",2018
2018,46,"1711","Agoseris glauca",83,108,-10,-10,0,1,"dead",2018
2018,46,"1712","Eriogonum umbellatum",84,109,-10,-10,0,1,"dead",2018
2018,46,"1713","Senecio crassulus",114,95,-10,-10,0,1,"dead, tag missing",2017
2018,46,"1716","Phacelia hastata",140,102,-10,-10,0,1,"dead, tag missing",2017
2018,46,"1718","Senecio crassulus",191,138,-10,-10,0,1,"dead",2018
2018,46,"1720","Heterotheca villosa",200,158,-10,-10,0,1,"dead, tag missing",2017
2018,46,"1721","Heterotheca villosa",195,104,-10,-10,0,1,"dead, tag missing",2017
2018,46,"1722","Eriogonum umbellatum",163,122,0,-10,0,1,"dead",2018
2018,46,"1723","Heterotheca villosa",155,132,-10,-10,0,1,"dead",2018
2018,46,"1728","Agoseris glauca",178,142,-10,-10,0,1,"dead, tag missing",2018
2018,46,"1729","Viola praemorsa",185,142,-10,-10,0,1,"dead, tag missing",2017
2018,46,"1735","Senecio crassulus",174,147,-5,-5,0,1,"dead",2018
2018,46,"1738","Agoseris glauca",172,167,-5,-5,0,1,"dead",2018
2018,46,"1739","Senecio crassulus",173,166,-5,-5,0,1,"dead, tag missing",2017
2018,46,"1740","Carex siccata",175,165,-5,-5,0,1,"dead, tag missing",2018
2018,46,"2089","Viola praemorsa",24,84,-10,-10,0,1,"dead, tag missing",2018
2018,46,"2090","Eriogonum umbellatum",62,77,-10,-10,0,1,"dead",2018
2018,46,"2095","Senecio crassulus",16,50,-10,-10,0,1,"dead",2018
2018,46,"2098","Senecio crassulus",12,29,-10,-10,0,1,"dead",2018
2018,46,"2099","Senecio crassulus",14,23,-10,-10,0,1,"dead",2018
2018,46,"2100","Eriogonum umbellatum",13,19,-10,-10,0,1,"dead",2018
2018,46,"2101","Senecio crassulus",5,10,-10,-10,0,1,"dead, tag missing",2018
2018,46,"2102","Eriogonum umbellatum",8,13,-10,-10,0,1,"dead",2018
2018,46,"2103","Carex siccata",15,15,-10,-10,0,1,"dead",2018
2018,46,"2104","Heterotheca villosa",28,11,-10,-10,0,1,"dead",2018
2018,46,"2105","Heterotheca villosa",45,15,-10,-10,0,1,"dead",2018
2018,46,"2106","Senecio crassulus",16,27,-10,-10,0,1,"dead",2018
2018,46,"2107","Senecio crassulus",52,12,-10,-10,0,1,"dead",2018
2018,46,"2110","Senecio crassulus",59,27,-10,-10,0,1,"dead",2018
2018,46,"2112","Penstemon whippleanus",79,26,-10,-10,0,1,"dead",2018
2018,46,"2116","Viola praemorsa",98,16,-10,-10,0,1,"dead",2018
2018,46,"2118","Viola praemorsa",109,25,-10,-10,0,1,"dead",2018
2018,46,"2119","Ivesia gordonii",139,9,-10,-10,0,1,"dead",2018
2018,46,"2122","Ivesia gordonii",166,8,-10,-10,0,1,"dead",2018
2018,46,"2123","Agoseris glauca",154,40,-10,-10,0,1,"dead",2018
2018,46,"2124","Senecio crassulus",161,45,-10,-10,0,1,"dead",2018
2018,46,"2126","Lupinus argenteus",180,48,-10,-10,0,1,"dead",2018
2018,46,"2127","Eriogonum umbellatum",172,9,-10,-10,0,1,"dead",2018
2018,46,"2129","Ivesia gordonii",158,16,0,10,0,1,"dead",2018
2018,46,"2130","Arenaria congesta",169,1,-10,-10,0,1,"dead",2018
2018,46,"2132","Heterotheca villosa",188,16,-10,-10,0,1,"dead",2018
2018,46,"2134","Heterotheca villosa",189,15,-10,-10,0,1,"dead",2018
2018,46,"2135","Agoseris glauca",145,26,-10,-10,0,1,"dead",2018
2018,46,"2136","Agoseris glauca",146,24,-10,-10,0,1,"dead",2018
2018,46,"2137","Senecio crassulus",148,24,-10,-10,0,1,"dead",2018
2018,46,"2138","Agoseris glauca",147,29,-10,-10,0,1,"dead",2018
2018,46,"2139","Ivesia gordonii",97,42,-10,-10,0,1,"dead",2018
2018,46,"2140","Senecio crassulus",88,55,-10,-10,0,1,"dead",2018
2018,46,"2142","Lupinus argenteus",75,63,-10,-10,0,1,"dead",2018
2018,46,"2144","Heterotheca villosa",83,109,-10,-10,0,1,"dead",2018
2018,46,"2145","Lupinus argenteus",88,104,-10,-10,0,1,"dead",2018
2018,46,"2147","Senecio crassulus",90,103,-10,-10,0,1,"dead",2018
2018,46,"2153","Phacelia hastata",120,87,0,10,0,1,"dead",2018
2018,46,"2154","Phacelia hastata",118,82,0,10,0,1,"dead",2018
2018,46,"2155","Heterotheca villosa",121,76,-10,-10,0,1,"dead",2018
2018,46,"2158","Elymus lanceolatus",105,103,-10,-10,0,1,"dead",2018
2018,46,"2161","Eriogonum umbellatum",132,120,0,0,0,1,"dead",2018
2018,46,"2162","Lupinus argenteus",158,120,-10,-10,0,1,"dead",2018
2018,46,"2163","Senecio crassulus",148,100,-10,-10,0,1,"dead",2018
2018,46,"2166","Carex siccata",165,188,-10,-10,0,1,"dead",2018
2018,46,"2167","Lupinus argenteus",166,179,-10,-10,0,1,"dead",2018
2018,46,"2168","Lupinus argenteus",155,178,-10,-10,0,1,"dead",2018
2018,46,"2174","Senecio crassulus",161,109,5,-5,0,1,"dead",2018
2018,46,"2175","Eriogonum umbellatum",164,112,0,10,0,1,"dead",2018
2018,46,"879","Arenaria congesta",22,13,-10,-10,0,1,"dead",2018
2018,46,"880","Heterotheca villosa",25,15,2,-6,0,1,"dead, tag missing",2017
2018,46,"881","Lupinus argenteus",60,30,-10,-10,0,1,"dead",2018
2018,46,"882","Heterotheca villosa",35,23,-3,-5,0,1,"dead",2018
2018,46,"883","Heterotheca villosa",36,5,10,0,0,1,"dead",2018
2018,46,"884","Lupinus argenteus",37,10,10,0,0,1,"dead, tag missing",2017
2018,46,"887","Eriogonum umbellatum",56,11,0,-5,0,1,"dead, tag missing",2017
2018,46,"889","Heterotheca villosa",55,24,0,-5,0,1,"dead, tag missing",2017
2018,46,"890","Lupinus argenteus",48,25,-5,-5,0,1,"dead",2018
2018,46,"891","Heterotheca villosa",43,32,-5,-5,0,1,"dead, tag missing",2017
2018,46,"896","Lupinus argenteus",66,5,0,-10,0,1,"dead",2018
2018,46,"897","Eriogonum umbellatum",65,5,0,-10,0,1,"dead",2018
2018,46,"900","Lupinus argenteus",65,40,-10,-10,0,1,"dead",2018
2018,46,"901","Lupinus argenteus",65,51,-10,-10,0,1,"dead, tag missing",2017
2018,46,"902","Lupinus argenteus",70,52,-10,-10,0,1,"dead",2018
2018,46,"903","Lupinus argenteus",80,55,-10,-10,0,1,"dead",2018
2018,46,"905","Lupinus argenteus",87,40,-10,-10,0,1,"dead, tag missing",2017
2018,46,"907","Lupinus argenteus",81,15,-10,-10,0,1,"dead, tag missing",2017
2018,46,"908","Lupinus argenteus",82,13,-10,-10,0,1,"dead, tag missing",2017
2018,46,"909","Lupinus argenteus",83,13,-10,-10,0,1,"dead, tag missing",2017
2018,46,"910","Lupinus argenteus",92,1,0,5,0,1,"dead, tag missing",2017
2018,46,"911","Lupinus argenteus",93,24,-10,-10,0,1,"dead",2018
2018,46,"915","Heterotheca villosa",108,40,-10,-10,0,1,"dead",2018
2018,46,"916","Heterotheca villosa",85,60,-2,-2,0,1,"dead",2018
2018,46,"917","Lupinus argenteus",85,70,-10,-10,0,1,"dead",2018
2018,46,"918","Ivesia gordonii",107,40,-10,-10,0,1,"dead",2018
2018,46,"919","Heterotheca villosa",96,40,-5,-10,0,1,"dead",2018
2018,46,"921","Heterotheca villosa",110,60,-10,-10,0,1,"dead",2018
2018,46,"924","Carex siccata",118,65,10,-10,0,1,"dead",2018
2018,46,"927","Heterotheca villosa",125,62,10,0,0,1,"dead, tag missing",2017
2018,46,"931","Heterotheca villosa",115,87,10,0,0,1,"dead, tag missing",2017
2018,46,"932","Agoseris glauca",103,90,-10,-10,0,1,"dead",2018
2018,46,"935","Agoseris glauca",120,95,10,0,0,1,"dead",2018
2018,46,"938","Lupinus argenteus",133,25,-10,-10,0,1,"dead, tag missing",2018
2018,46,"939","Eriogonum umbellatum",138,15,-10,-10,0,1,"dead",2018
2018,46,"940","Lupinus argenteus",132,10,-10,-10,0,1,"dead",2018
2018,46,"941","Ivesia gordonii",150,25,-10,-10,0,1,"dead",2018
2018,46,"942","Elymus lanceolatus",152,40,-10,-10,0,1,"dead",2018
2018,46,"943","Heterotheca villosa",155,50,-10,-10,0,1,"dead",2018
2018,46,"944","Eriogonum umbellatum",158,0,-5,0,0,1,"dead",2018
2018,46,"945","Heterotheca villosa",165,13,-10,-10,0,1,"dead",2018
2018,46,"946","Eriogonum umbellatum",160,11,-5,-2,0,1,"dead",2018
2018,46,"949","Heterotheca villosa",170,40,-10,-10,0,1,"dead",2018
2018,46,"950","Carex siccata",172,45,0,-5,0,1,"dead, tag missing",2017
2018,46,"952","Eriogonum umbellatum",173,26,-10,-10,0,1,"dead",2018
2018,46,"958","Heterotheca villosa",185,30,-10,-10,0,1,"dead, tag missing",2017
2018,46,"959","Heterotheca villosa",190,30,-10,-10,0,1,"dead",2018
2018,46,"966","Heterotheca villosa",145,100,-10,-10,0,1,"dead",2018
2018,46,"967","Eriogonum umbellatum",150,103,-10,-10,0,1,"dead",2018
2018,46,"968","Eriogonum umbellatum",140,110,-10,-10,0,1,"dead, tag missing",2017
2018,46,"969","Eriogonum umbellatum",138,112,-10,-10,0,1,"dead, tag missing",2017
2018,46,"970","Viola praemorsa",140,115,-10,-10,0,1,"dead, tag missing",2017
2018,46,"971","Eriogonum umbellatum",155,110,-10,-10,0,1,"dead, tag missing",2018
2018,46,"972","Ivesia gordonii",160,115,0,-10,0,1,"dead",2018
2018,46,"973","Carex siccata",135,125,-10,-10,0,1,"dead, tag missing",2017
2018,46,"975","Heterotheca villosa",165,120,5,-10,0,1,"dead",2018
2018,46,"977","Carex siccata",135,132,-10,-10,0,1,"dead, tag missing",2017
2018,46,"978","Eriogonum umbellatum",145,120,10,0,0,1,"dead, tag missing",2017
2018,46,"980","Eriogonum umbellatum",190,125,-10,-10,0,1,"dead, tag missing",2017
2018,46,"981","Arenaria congesta",200,125,-10,-10,0,1,"dead, tag missing",2018
2018,46,"983","Carex siccata",195,150,-10,0,0,1,"dead, tag missing",2017
2018,46,"987","Heterotheca villosa",180,141,-5,0,0,1,"dead, tag missing",2017
2018,46,"994","Ivesia gordonii",180,170,-10,-10,0,1,"dead",2018
2018,46,"995","Senecio crassulus",190,175,-10,-10,0,1,"dead, tag missing",2017
2018,47,"1023","Lupinus argenteus",95,55,-10,-10,0,1,"dead, tag missing",2017
2018,47,"1411","Lupinus argenteus",63,0,-10,-10,0,1,"dead, tag missing",2018
2018,47,"1414","Lupinus argenteus",74,47,-10,-10,0,1,"dead, tag missing",2018
2018,47,"1415","Lupinus argenteus",46,101,-10,-10,0,1,"dead",2018
2018,47,"1416","Lupinus argenteus",13,147,-10,-10,0,1,"dead, tag missing",2017
2018,47,"1417","Lupinus argenteus",29,171,-10,-10,0,1,"dead",2017
2018,47,"1418","Lupinus argenteus",34,175,-10,-10,0,1,"dead, tag missing",2017
2018,47,"1419","Lupinus argenteus",44,182,-10,-10,0,1,"dead, tag missing",2018
2018,47,"1421","Lupinus argenteus",72,171,-10,-10,0,1,"dead, tag missing",2017
2018,47,"1423","Lupinus argenteus",126,148,-10,-10,0,1,"dead",2018
2018,47,"1424","Lupinus argenteus",126,147,-10,-10,0,1,"dead",2018
2018,47,"1426","Lupinus argenteus",150,148,-10,-10,0,1,"dead, tag missing",2017
2018,47,"1427","Lupinus argenteus",73,195,-10,-10,0,1,"dead",2018
2018,47,"1428","Lupinus argenteus",75,182,-10,-10,0,1,"dead",2018
2018,47,"1429","Lupinus argenteus",200,125,-10,-10,0,1,"dead",2018
2018,47,"1430","Lupinus argenteus",195,107,-10,-10,0,1,"dead",2018
2018,47,"1431","Lupinus argenteus",171,132,-10,-10,0,1,"dead, tag missing",2017
2018,47,"1433","Lupinus argenteus",174,111,-10,-10,0,1,"dead",2018
2018,47,"1434","Lupinus argenteus",102,98,-10,-10,0,1,"dead, tag missing",2017
2018,48,"2085","Lupinus argenteus",142,7,-10,-10,0,1,"dead",2018
2018,49,"1024","Lupinus argenteus",35,108,-10,-10,0,1,"dead, tag missing",2017
2018,49,"1025","Lupinus argenteus",45,90,-10,-10,0,1,"dead, tag missing",2017
2018,49,"1026","Lupinus argenteus",50,95,-10,-10,0,1,"dead, tag missing",2017
2018,49,"1027","Lupinus argenteus",80,85,-10,-10,0,1,"dead, tag missing",2017
2018,49,"1028","Lupinus argenteus",95,5,-10,-10,0,1,"dead, tag missing",2017
2018,49,"1029","Lupinus argenteus",0,108,0,10,0,1,"dead, tag missing",2017
2018,49,"1030","Lupinus argenteus",160,35,-10,-10,0,1,"dead, tag missing",2017
2018,49,"1435","Lupinus argenteus",54,40,-10,-10,0,1,"dead",2018
2018,49,"1437","Agoseris glauca",59,186,-10,-10,0,1,"dead, tag missing",2017
2018,49,"1438","Agoseris glauca",59,187,-10,-10,0,1,"dead, tag missing",2017
2018,49,"1678","Lupinus argenteus",32,85,-10,-10,0,1,"dead, tag missing",2017
2018,49,"1679","Eriogonum umbellatum",32,90,-10,-10,0,1,"dead, tag missing",2017
2018,49,"2081","Lupinus argenteus",66,10,-10,-10,0,1,"dead",2018
2018,49,"2082","Lupinus argenteus",158,60,-10,-10,0,1,"dead",2018
2018,49,"2084","Eriogonum umbellatum",62,190,-10,-10,0,1,"dead",2018
2018,50,"1033","Ivesia gordonii",5,5,0,-10,0,1,"dead",2018
2018,50,"1036","Heterotheca villosa",21,2,0,10,0,1,"dead, tag missing",2017
2018,50,"1042","Eriogonum umbellatum",50,50,-10,-10,0,1,"dead",2018
2018,50,"1044","Ivesia gordonii",100,8,0,10,0,1,"dead, tag missing",2017
2018,50,"1045","Ivesia gordonii",110,5,0,10,0,1,"dead, tag missing",2017
2018,50,"1046","Heterotheca villosa",165,40,-10,-10,0,1,"dead",2018
2018,50,"2079","Eriogonum umbellatum",165,75,-10,-10,0,1,"dead",2018
