"Year","Plot","Tag","Morphoname","Taxon","Identification.uncertain","X..cm.","Y..cm.","Tag.offset.x..cm.","Tag.offset.y..cm.","Died.this.census","Died.this.census.final","Length..cm.","Height..cm.","X..Capitulescences","Is.seedling","Number.of.individuals.represented.by.tag","Length.per.individual..cm.","Height.per.individual..cm.","Notes"
2014,1,"1","IVEGOR","Ivesia gordonii",0,20,100,-10,-10,0,FALSE,1,1,0,1,1,,,
2014,1,"10","IVEGOR","Ivesia gordonii",0,185,94,-10,0,0,FALSE,5,2,0,0,1,,,
2014,1,"11","IVEGOR","Ivesia gordonii",0,195,93,-10,-10,0,FALSE,7,3,1,0,1,,,
2014,1,"12","IVEGOR","Ivesia gordonii",0,195,122,-10,-10,0,FALSE,14,5,2,0,1,,,
2014,1,"13","IVEGOR","Ivesia gordonii",0,192,126,-10,-10,0,FALSE,9,5,2,0,1,,,
2014,1,"14","LUP","Lupinus argenteus",0,20,130,10,0,0,FALSE,34,13,6,0,1,,,
2014,1,"15","IVEGOR","Ivesia gordonii",0,195,144,-10,-10,0,FALSE,18,4,3,0,1,,,
2014,1,"16","IVEGOR","Ivesia gordonii",0,198,165,-10,-10,0,FALSE,18,4,6,0,1,,,
2014,1,"2","IVEGOR","Ivesia gordonii",0,7,169,-10,-10,0,FALSE,5,4,0,0,1,,,
2014,1,"3","IVEGOR","Ivesia gordonii",0,104,19,-10,-10,0,FALSE,14,4,4,0,1,,,
2014,1,"4","IVEGOR","Ivesia gordonii",0,102,26,-10,-10,0,FALSE,9,3,0,0,1,,,
2014,1,"5","IVEGOR","Ivesia gordonii",0,153,8,-10,-10,0,FALSE,13,5,5,0,1,,,
2014,1,"6","IVEGOR","Ivesia gordonii",0,127,55,-10,-10,0,FALSE,12,7,2,0,1,,,
2014,1,"7","IVEGOR","Ivesia gordonii",0,198,25,-10,-10,0,FALSE,9,3,1,0,1,,,
2014,1,"8","IVEGOR","Ivesia gordonii",0,194,53,-10,-10,0,FALSE,13,4,6,0,1,,,
2014,1,"9","IVEGOR","Ivesia gordonii",0,177,85,-10,-10,0,FALSE,12,4,3,0,1,,,
2014,2,"17","IVEGOR","Ivesia gordonii",0,108,174,-10,-10,0,FALSE,1,1,0,1,1,,,
2014,3,"19","IVEGOR","Ivesia gordonii",0,66,98,-10,-10,0,FALSE,1,1,0,1,1,,,
2014,3,"2365","ERIyel","Eriogonum umbellatum",0,105,125,-10,-10,0,FALSE,29,6,42,0,1,,,
2014,5,"1554","CHADOU","Chaenactis douglasii",0,112,37,-10,-10,0,FALSE,2.5,2,0,0,1,,,
2014,5,"1555","CHADOU","Chaenactis douglasii",0,170,130,-10,-10,0,FALSE,2,1,0,0,1,,,
2014,5,"1556","CHADOU","Chaenactis douglasii",0,179,125,10,10,0,FALSE,3,3.5,0,0,1,,,
2014,5,"20","LUP","Lupinus argenteus",0,25,28,-10,-10,0,FALSE,23,11,2,0,1,,,
2014,5,"21","LUP","Lupinus argenteus",0,33,40,-10,0,0,FALSE,22,13,6,0,1,,,
2014,5,"2185","Phacelia hastata","Phacelia hastata",0,164,98,-10,-10,0,FALSE,6.5,3,1,0,1,,,"should have been 2016"
2014,5,"2186","Elymus lanceolatus","Elymus lanceolatus",0,173,114,-10,-10,0,FALSE,12,19,1,0,1,,,
2014,5,"2187","Elymus lanceolatus","Elymus lanceolatus",0,183,114,-10,-10,0,FALSE,13,15,1,0,1,,,
2014,5,"22","LUP","Lupinus argenteus",0,48,60,-10,-10,0,FALSE,7,5,0,0,1,,,
2014,5,"23","LUP","Lupinus argenteus",0,27,54,-10,0,0,FALSE,7,8,0,0,1,,,
2014,5,"2367","ERIyel","Eriogonum umbellatum",0,175,112,-10,-10,0,FALSE,41,5,29,0,1,,,
2014,5,"24","LUP","Lupinus argenteus",0,25,65,-10,-10,0,FALSE,23,12,1,0,1,,,
2014,5,"25","LUP","Lupinus argenteus",0,22,70,-10,-10,0,FALSE,12,9,0,0,1,,,
2014,5,"26","ERIyel","Eriogonum umbellatum",0,105,45,-10,-10,0,FALSE,30,3,19,0,1,,,
2014,5,"27","IVEGOR","Ivesia gordonii",0,200,20,-10,-10,0,FALSE,9,2,0,0,1,,,
2014,5,"28","IVEGOR","Ivesia gordonii",0,130,68,-10,-10,0,FALSE,8,5,2,0,1,,,
2014,5,"29","IVEGOR","Ivesia gordonii",0,5,123,-10,-10,0,FALSE,8,4,0,0,1,,,
2014,5,"30","LUP","Lupinus argenteus",0,55,170,-10,-10,0,FALSE,12,5,0,0,1,,,
2014,5,"31","LUP","Lupinus argenteus",0,57,185,-10,-10,0,FALSE,12,6,0,0,1,,,
2014,5,"32","LUP","Lupinus argenteus",0,105,155,-10,-10,0,FALSE,11,6,0,0,1,,,
2014,5,"33","LUP","Lupinus argenteus",0,98,155,-10,-10,0,FALSE,8,5,0,0,1,,,
2014,5,"34","LUP","Lupinus argenteus",0,170,180,-10,-10,0,FALSE,11,6,0,0,1,,,
2014,5,"35","ERIyel","Eriogonum umbellatum",0,150,130,-10,-10,0,FALSE,19,3,15,0,1,,,
2014,5,"36","matsun","Heterotheca villosa",0,155,115,-10,-10,0,FALSE,10,5,0,0,1,,,
2014,5,"37","ERIyel","Eriogonum umbellatum",0,177.5,109.5,-10,-10,0,FALSE,11,4,6,0,1,,,
2014,5,"39","ERIyel","Eriogonum umbellatum",0,190,105,-10,-10,0,FALSE,30,4,17,0,1,,,
2014,5,"40","matsun","Heterotheca villosa",0,190,120,0,10,0,FALSE,7,5,1,0,1,,,
2014,5,"41","fatgrass","Elymus lanceolatus",0,175,130,0,10,0,FALSE,9,14,2,0,1,,,
2014,6,"1558","ELYLAN","Elymus lanceolatus",0,127,70,-10,-10,0,FALSE,19,12,0,0,1,,,"2 clumps"
2014,6,"1755","Ivesia gordonii","Ivesia gordonii",0,172,42,-10,-10,0,FALSE,2.5,2.5,0,1,1,,,
2014,6,"1756","Ivesia gordonii","Ivesia gordonii",0,16,166,-10,-10,0,FALSE,2,2,0,1,1,,,
2014,6,"43","IVEGOR","Ivesia gordonii",0,195,25,-10,-10,0,FALSE,18,9,21,0,1,,,
2014,6,"44","ERIlow","Eriogonum umbellatum",0,125,45,-10,-10,0,FALSE,26,4,3,0,1,,,
2014,6,"45","fatgrass","Elymus lanceolatus",0,120,55,-10,0,0,FALSE,11,8,0,0,1,,,
2014,6,"46","fatgrass","Elymus lanceolatus",0,135,50,10,0,0,FALSE,4,20,0,0,1,,,
2014,6,"47","IVEGOR","Ivesia gordonii",0,70,90,-10,-10,0,FALSE,13,4,12,0,1,,,
2014,6,"48","IVEGOR","Ivesia gordonii",0,70,105,-10,-10,0,FALSE,19,8,30,0,1,,,
2014,6,"49","IVEGOR","Ivesia gordonii",0,155,160,-10,-10,0,FALSE,5,4,2,0,1,,,
2014,6,"50","IVEGOR","Ivesia gordonii",0,154,158,-10,-10,0,FALSE,1,1,0,1,1,,,
2014,6,"51","IVEGOR","Ivesia gordonii",0,130,110,10,0,0,FALSE,10,4,5,0,1,,,
2014,7,"1090","Ivesia gordonii","Ivesia gordonii",0,47,150,-10,-10,0,FALSE,1.8,1,0,0,1,,,
2014,7,"52","IVEGOR","Ivesia gordonii",0,135,80,-10,-10,0,FALSE,7,2,0,0,1,,,
2014,8,"1761","Chaenactis douglasii","Chaenactis douglasii",0,166,165,0,-10,0,FALSE,2.5,2,0,1,1,,,
2014,8,"1762","Chaenactis douglasii","Chaenactis douglasii",0,169,167,0,-10,0,FALSE,3.5,2,0,1,1,,,
2014,8,"2520","ERIlow","Eriogonum umbellatum",0,105,170,0,10,0,FALSE,4,1,0,0,1,,,
2014,8,"53","IVEGOR","Ivesia gordonii",0,15,80,-10,-10,0,FALSE,1,1,0,1,1,,,
2014,8,"54","LUP","Lupinus argenteus",0,30,110,-10,-10,0,FALSE,7,4,0,0,1,,,
2014,8,"55","IVEGOR","Ivesia gordonii",0,35,140,-10,-10,0,FALSE,4,2,0,0,1,,,
2014,8,"56","LUP","Lupinus argenteus",0,35,175,-10,-10,0,FALSE,12,7,0,0,1,,,
2014,8,"57","LUP","Lupinus argenteus",0,40,195,-10,-10,0,FALSE,10,7,0,0,1,,,
2014,8,"58","LUP","Lupinus argenteus",0,60,180,-10,-10,0,FALSE,6,3,0,0,1,,,
2014,8,"59","LUP","Lupinus argenteus",0,75,190,-10,-10,0,FALSE,22,13,0,0,1,,,
2014,8,"60","LUP","Lupinus argenteus",0,80,190,-10,-10,0,FALSE,7,5,0,0,1,,,
2014,8,"61","LUP","Lupinus argenteus",0,100,195,10,0,0,FALSE,14,8,0,0,1,,,
2014,8,"62","LUP","Lupinus argenteus",0,75,160,-10,-10,0,FALSE,19,12,0,0,1,,,
2014,8,"63","LUP","Lupinus argenteus",0,90,170,-10,0,0,FALSE,17,11,1,0,1,,,
2014,8,"64","LUP","Lupinus argenteus",0,95,170,-10,-10,0,FALSE,28,15,8,0,1,,,
2014,8,"65","LUP","Lupinus argenteus",0,105,170,-10,-10,0,FALSE,32,14,2,0,1,,,
2014,8,"67","scorpionweed","Phacelia hastata",0,170,195,-10,-10,0,FALSE,14,4,6,0,1,,,
2014,8,"68","LUP","Lupinus argenteus",0,160,180,-10,-10,0,FALSE,19,14,0,0,1,,,
2014,8,"69","LUP","Lupinus argenteus",0,180,175,0,10,0,FALSE,12,9,0,0,1,,,
2014,8,"70","LUP","Lupinus argenteus",0,170,170,-10,-10,0,FALSE,22,14,0,0,1,,,
2014,8,"71","LUP","Lupinus argenteus",0,160,175,0,10,0,FALSE,6,4,0,0,1,,,
2014,8,"72","LUP","Lupinus argenteus",0,165,160,-10,-10,0,FALSE,27,13,0,0,1,,,
2014,8,"73","LUP","Lupinus argenteus",0,165,150,-10,-10,0,FALSE,13,6,0,0,1,,,
2014,8,"74","LUP","Lupinus argenteus",0,175,150,10,0,0,FALSE,32,16,0,0,1,,,
2014,8,"75","LUP","Lupinus argenteus",0,180,125,-10,-10,0,FALSE,10,6,0,0,1,,,
2014,8,"76","IVEGOR","Ivesia gordonii",0,175,115,-10,-10,0,FALSE,6,2,1,0,1,,,
2014,8,"77","IVEGOR","Ivesia gordonii",0,145,100,-10,-10,0,FALSE,8,3,0,0,1,,,
2014,8,"78","ERIlow","Eriogonum umbellatum",0,180,85,-10,-10,0,FALSE,18,2,4,0,1,,,
2014,8,"79","IVEGOR","Ivesia gordonii",0,190,90,10,0,0,FALSE,16,4,2,0,1,,,
2014,8,"80","LUP","Lupinus argenteus",0,105,90,-10,-10,0,FALSE,23,13,1,0,1,,,
2014,8,"81","IVEGOR","Ivesia gordonii",0,95,85,-10,-10,0,FALSE,2,2,0,0,1,,,
2014,8,"82","LUP","Lupinus argenteus",0,130,50,-10,-10,0,FALSE,21,9,0,0,1,,,
2014,9,"83","IVEGOR","Ivesia gordonii",0,60,75,-10,-10,0,FALSE,4,1,0,0,1,,,
2014,9,"84","LUP","Lupinus argenteus",0,65,160,-10,-10,0,FALSE,13,8,0,0,1,,,
2014,9,"85","IVEGOR","Ivesia gordonii",0,135,175,-10,-10,0,FALSE,6,3,0,0,1,,,
2014,9,"86","fatgrass","Elymus lanceolatus",0,180,150,-10,-10,0,FALSE,11,13,1,0,1,,,
2014,9,"87","IVEGOR","Ivesia gordonii",0,190,90,-10,-10,0,FALSE,10,5,0,0,1,,,
2014,9,"88","HETVIL","Heterotheca villosa",1,185,15,-10,-10,0,FALSE,1,1,0,1,1,,,"id tentative"
2014,9,"89","LUP","Lupinus argenteus",0,115,25,-10,-10,0,FALSE,13,8,0,0,1,,,
2014,10,"100","LUP","Lupinus argenteus",0,70,60,-10,-10,0,FALSE,8,7,1,0,1,,,
2014,10,"101","LUP","Lupinus argenteus",0,70,45,-10,-10,0,FALSE,23,12,7,0,1,,,
2014,10,"102","LUP","Lupinus argenteus",0,60,40,-10,-10,0,FALSE,8,5,0,0,1,,,
2014,10,"103","LUP","Lupinus argenteus",0,80,60,-10,-10,0,FALSE,8,7,0,0,1,,,
2014,10,"104","LUP","Lupinus argenteus",0,95,50,-10,-10,0,FALSE,11,10,2,0,1,,,
2014,10,"105","LUP","Lupinus argenteus",0,80,45,-10,-10,0,FALSE,13,13,2,0,1,,,
2014,10,"106","LUP","Lupinus argenteus",0,85,40,10,0,0,FALSE,19,12,0,0,1,,,
2014,10,"107","LUP","Lupinus argenteus",0,80,35,-10,-10,0,FALSE,16,10,1,0,1,,,"Has two stems"
2014,10,"108","fatgrass","Elymus lanceolatus",0,105,45,-10,-10,0,FALSE,11,16,1,0,1,,,
2014,10,"109","LUP","Lupinus argenteus",0,80,60,-10,-10,0,FALSE,11,8,2,0,1,,,
2014,10,"110","LUP","Lupinus argenteus",0,100,10,-10,-10,0,FALSE,13,9,2,0,1,,,
2014,10,"111","IVEGOR","Ivesia gordonii",0,140,65,-10,-10,0,FALSE,12,6,6,0,1,,,
2014,10,"112","IVEGOR","Ivesia gordonii",0,120,80,-10,-10,0,FALSE,3,2,0,0,1,,,
2014,10,"113","IVEGOR","Ivesia gordonii",0,115,95,-10,-10,0,FALSE,6,4,1,0,1,,,
2014,10,"114","ERIlow","Eriogonum umbellatum",0,110,110,-10,-10,0,FALSE,2,1,0,0,1,,,
2014,10,"115","IVEGOR","Ivesia gordonii",0,105,100,-10,-10,0,FALSE,16,7,6,0,1,,,
2014,10,"90","LUP","Lupinus argenteus",0,40,30,-10,-10,0,FALSE,20,8,2,0,1,,,
2014,10,"91","LUP","Lupinus argenteus",0,45,45,-10,0,0,FALSE,26,9,6,0,1,,,
2014,10,"92","LUP","Lupinus argenteus",0,28,69,-10,-10,0,FALSE,17,7,0,0,1,,,
2014,10,"93","LUP","Lupinus argenteus",0,10,100,-10,-10,0,FALSE,10,6,0,0,1,,,
2014,10,"94","LUP","Lupinus argenteus",0,20,115,-10,-10,0,FALSE,7,5,0,0,1,,,
2014,10,"95","LUP","Lupinus argenteus",0,30,120,-10,-10,0,FALSE,16,10,2,0,1,,,
2014,10,"96","LUP","Lupinus argenteus",0,70,120,-10,-10,0,FALSE,9,8,1,0,1,,,
2014,10,"97","LUP","Lupinus argenteus",0,55,80,-10,-10,0,FALSE,10,12,0,0,1,,,
2014,10,"98","LUP","Lupinus argenteus",0,55,70,-10,-10,0,FALSE,1,6,0,0,1,,,
2014,10,"99","LUP","Lupinus argenteus",0,55,60,-10,-10,0,FALSE,12,9,1,0,1,,,
2014,11,"116","IVEGOR","Ivesia gordonii",0,70,150,-10,-10,0,FALSE,3,2,0,0,1,,,
2014,11,"117","LUP","Lupinus argenteus",0,80,30,-10,-10,0,FALSE,37,14,1,0,1,,,
2014,11,"118","IVEGOR","Ivesia gordonii",0,85,20,-10,-10,0,FALSE,3,2,0,0,1,,,
2014,11,"119","LUP","Lupinus argenteus",0,90,15,-10,-10,0,FALSE,14,7,0,0,1,,,
2014,11,"120","LUP","Lupinus argenteus",0,95,10,-10,-10,0,FALSE,10,6,0,0,1,,,
2014,11,"121","ERIlow","Eriogonum umbellatum",0,100,35,0,10,0,FALSE,22,2,1,0,1,,,
2014,12,"1119","Eriogonum umbellatum","Eriogonum umbellatum",0,148,92,-10,-10,0,FALSE,2,1.5,0,0,1,,,
2014,12,"122","IVEGOR","Ivesia gordonii",0,140,180,10,10,0,FALSE,14,4,0,0,1,,,
2014,12,"123","IVEGOR","Ivesia gordonii",0,135,175,-10,-10,0,FALSE,24,6,2,0,1,,,
2014,12,"124","fatgrass","Elymus lanceolatus",0,150,100,-10,-10,0,FALSE,16,20,2,0,1,,,
2014,12,"125","scorpionweed","Phacelia hastata",0,150,100,-5,10,0,FALSE,3,2,0,0,1,,,
2014,12,"126","scorpionweed","Phacelia hastata",0,155,100,0,-10,0,FALSE,9,2,0,0,1,,,
2014,13,"127","lowsun","Heterotheca villosa",0,25,45,-10,-10,0,FALSE,58,9,34,0,1,,,
2014,13,"128","fatgrass","Elymus lanceolatus",0,10,45,-10,-10,0,FALSE,4,6,0,0,1,,,
2014,13,"129","ERIlow","Eriogonum umbellatum",0,15,20,-10,-10,0,FALSE,1,1,0,1,1,,,
2014,13,"130","fatgrass","Elymus lanceolatus",0,10,45,-10,-10,0,FALSE,1,1,0,1,1,,,
2014,13,"131","ERIlow","Eriogonum umbellatum",0,30,55,-2,0,0,FALSE,2,1,0,0,1,,,
2014,13,"132","lowsun","Heterotheca villosa",0,75,120,-10,-10,0,FALSE,23,7,32,0,1,,,
2014,13,"133","fatgrass","Elymus lanceolatus",0,100,125,-10,-10,0,FALSE,5,19,3,0,1,,,
2014,13,"134","fatgrass","Elymus lanceolatus",0,100,130,-10,0,0,FALSE,4,15,0,0,1,,,
2014,13,"135","fatgrass","Elymus lanceolatus",0,105,135,10,10,0,FALSE,8,9,0,0,1,,,
2014,13,"136","fatgrass","Elymus lanceolatus",0,140,130,-10,-10,0,FALSE,6,13,0,0,1,,,
2014,13,"137","fatgrass","Elymus lanceolatus",0,145,130,-10,-10,0,FALSE,16,8,0,0,1,,,
2014,13,"139","ERIlow","Eriogonum umbellatum",0,155,60,-10,-10,0,FALSE,41,4,44,0,1,,,
2014,13,"140","fatgrass","Elymus lanceolatus",0,145,60,-10,-10,0,FALSE,2,4,0,0,1,,,
2014,13,"141","CHAALP","Chaenactis douglasii",0,150,60,-10,-10,0,FALSE,7,9,6,0,1,,,
2014,13,"142","fatgrass","Elymus lanceolatus",0,150,60,0,-10,0,FALSE,9,23,1,0,1,,,
2014,13,"143","fatgrass","Elymus lanceolatus",0,150,65,0,10,0,FALSE,9,18,2,0,1,,,
2014,13,"144","fatgrass","Elymus lanceolatus",0,160,65,10,10,0,FALSE,5,25,1,0,1,,,
2014,13,"145","lowsun","Heterotheca villosa",0,95,25,-20,0,0,FALSE,28,8,26,0,1,,,
2014,13,"1566","ERIUMB","Eriogonum umbellatum",0,15,51,-10,0,0,FALSE,1.5,1.5,0,0,1,,,
2014,14,"146","LUP","Lupinus argenteus",0,65,10,-10,-10,0,FALSE,10,6,0,0,1,,,
2014,14,"147","LUP","Lupinus argenteus",0,80,10,-10,-10,0,FALSE,5,4,0,0,1,,,
2014,14,"148","lowsun","Heterotheca villosa",0,85,75,-10,-10,0,FALSE,60,10,50,0,1,,,
2014,14,"149","ERIlow","Eriogonum umbellatum",0,85,55,-10,-10,0,FALSE,22,3,1,0,1,,,
2014,14,"150","fatgrass","Elymus lanceolatus",0,70,50,-10,-10,0,FALSE,6,6,0,0,1,,,
2014,14,"151","fatgrass","Elymus lanceolatus",0,80,65,-10,-10,0,FALSE,3,6,0,0,1,,,
2014,14,"152","fatgrass","Elymus lanceolatus",0,75,70,-10,-10,0,FALSE,4,10,0,0,1,,,
2014,14,"153","fatgrass","Elymus lanceolatus",0,85,85,0,-2,0,FALSE,17,14,1,0,1,,,
2014,14,"154","fatgrass","Elymus lanceolatus",0,80,85,-10,10,0,FALSE,10,14,1,0,1,,,
2014,14,"155","fatgrass","Elymus lanceolatus",0,85,90,0,10,0,FALSE,11,21,1,0,1,,,
2014,14,"156","ERIlow","Eriogonum umbellatum",0,150,110,-10,-10,0,FALSE,73,2,142,0,1,,,
2014,14,"157","fatgrass","Elymus lanceolatus",0,140,115,-10,-10,0,FALSE,13,22,3,0,1,,,
2014,14,"158","fatgrass","Elymus lanceolatus",0,145,120,0,0,0,FALSE,8,14,1,0,1,,,
2014,14,"159","fatgrass","Elymus lanceolatus",0,150,110,-10,-10,0,FALSE,6,20,0,0,1,,,
2014,14,"160","fatgrass","Elymus lanceolatus",0,155,110,0,-1,0,FALSE,7,17,1,0,1,,,
2014,14,"161","fatgrass","Elymus lanceolatus",0,150,125,0,-5,0,FALSE,7,14,0,0,1,,,
2014,14,"162","fatgrass","Elymus lanceolatus",0,155,125,0,-10,0,FALSE,8,14,1,0,1,,,
2014,14,"163","fatgrass","Elymus lanceolatus",0,170,130,-10,-10,0,FALSE,6,23,1,0,1,,,
2014,14,"164","fatgrass","Elymus lanceolatus",0,175,130,-10,-10,0,FALSE,9,13,0,0,1,,,
2014,15,"1571","ERIUMB","Eriogonum umbellatum",0,85,178,-10,-10,0,FALSE,5.5,2.5,0,0,1,,,
2014,15,"165","IVEGOR","Ivesia gordonii",0,70,50,-10,-10,0,FALSE,13,5,0,0,1,,,
2014,15,"166","LUP","Lupinus argenteus",0,70,50,-10,-10,0,FALSE,1,1,0,1,1,,,
2014,15,"167","ERIlow","Eriogonum umbellatum",0,55,85,-10,-10,0,FALSE,8,2,2,0,1,,,
2014,15,"168","ERIlow","Eriogonum umbellatum",0,85,90,-10,-10,0,FALSE,11,6,0,0,1,,,
2014,15,"169","LUP","Lupinus argenteus",0,55,105,-10,-10,0,FALSE,15,9,0,0,1,,,
2014,15,"170","LUP","Lupinus argenteus",0,55,115,-10,-10,0,FALSE,10,6,0,0,1,,,
2014,15,"171","LUP","Lupinus argenteus",0,65,120,-10,-10,0,FALSE,10,5,0,0,1,,,
2014,15,"172","LUP","Lupinus argenteus",0,35,130,-10,-10,0,FALSE,21,9,0,0,1,,,
2014,15,"173","IVEGOR","Ivesia gordonii",0,45,195,-10,-10,0,FALSE,11,5,2,0,1,,,
2014,15,"174","LUP","Lupinus argenteus",0,55,180,-10,-10,0,FALSE,17,7,0,0,1,,,
2014,15,"175","IVEGOR","Ivesia gordonii",0,75,185,-10,-10,0,FALSE,12,5,7,0,1,,,
2014,15,"176","IVEGOR","Ivesia gordonii",0,75,175,-10,-10,0,FALSE,6,3,0,0,1,,,
2014,15,"177","IVEGOR","Ivesia gordonii",0,85,170,-10,-10,0,FALSE,13,5,6,0,1,,,
2014,15,"178","IVEGOR","Ivesia gordonii",0,90,165,-10,-10,0,FALSE,5,5,0,0,1,,,
2014,15,"179","IVEGOR","Ivesia gordonii",0,95,165,-10,-10,0,FALSE,11,6,2,0,1,,,
2014,15,"1795","Eriogonum umbellatum","Eriogonum umbellatum",0,170,180,-10,-10,0,FALSE,2,1,0,0,1,,,
2014,15,"180","LUP","Lupinus argenteus",0,85,175,0,-10,0,FALSE,25,15,2,0,1,,,
2014,15,"181","LUP","Lupinus argenteus",0,100,180,0,-10,0,FALSE,25,13,3,0,1,,,
2014,15,"182","LUP","Lupinus argenteus",0,105,165,0,-10,0,FALSE,16,11,1,0,1,,,
2014,15,"183","LUP","Lupinus argenteus",0,120,170,-10,-10,0,FALSE,15,6,0,0,1,,,
2014,15,"184","LUP","Lupinus argenteus",0,130,180,-10,-10,0,FALSE,17,9,0,0,1,,,
2014,15,"185","LUP","Lupinus argenteus",0,175,175,-10,-10,0,FALSE,13,8,0,0,1,,,
2014,15,"186","LUP","Lupinus argenteus",0,180,170,-10,-10,0,FALSE,14,7,0,0,1,,,
2014,15,"187","purplepetiole","Agoseris glauca",0,180,160,-10,-10,0,FALSE,10,7,0,0,1,,,
2014,15,"188","LUP","Lupinus argenteus",0,190,165,-10,-10,0,FALSE,20,10,1,0,1,,,
2014,15,"189","LUP","Lupinus argenteus",0,185,170,-10,-10,0,FALSE,6,8,0,0,1,,,
2014,15,"190","IVEGOR","Ivesia gordonii",0,195,170,0,10,0,FALSE,6,4,2,0,1,,,
2014,15,"191","LUP","Lupinus argenteus",0,200,115,-10,-10,0,FALSE,14,8,0,0,1,,,
2014,15,"192","LUP","Lupinus argenteus",0,185,95,-10,-10,0,FALSE,13,9,0,0,1,,,
2014,15,"193","LUP","Lupinus argenteus",0,175,85,-10,-10,0,FALSE,8,12,1,0,1,,,
2014,15,"194","LUP","Lupinus argenteus",0,180,105,-10,-10,0,FALSE,7,5,0,0,1,,,
2014,15,"195","LUP","Lupinus argenteus",0,165,100,-10,-10,0,FALSE,22,11,1,0,1,,,
2014,15,"196","IVEGOR","Ivesia gordonii",0,120,95,0,10,0,FALSE,14,4,0,0,1,,,
2014,15,"197","IVEGOR","Ivesia gordonii",0,115,90,-10,-10,0,FALSE,2,2,0,0,1,,,
2014,15,"198","white 5star","Arenaria congesta",0,115,80,-10,-10,0,FALSE,4,5,2,0,1,,,
2014,15,"199","LUP","Lupinus argenteus",0,130,70,-10,-10,0,FALSE,16,12,2,0,1,,,
2014,15,"200","LUP","Lupinus argenteus",0,125,40,-10,-10,0,FALSE,19,16,3,0,1,,,
2014,15,"201","LUP","Lupinus argenteus",0,135,50,-10,-10,0,FALSE,35,13,7,0,1,,,
2014,15,"202","LUP","Lupinus argenteus",0,155,40,-10,-10,0,FALSE,17,11,1,0,1,,,
2014,15,"203","LUP","Lupinus argenteus",0,185,55,-10,-10,0,FALSE,18,12,1,0,1,,,
2014,15,"204","LUP","Lupinus argenteus",0,95,10,-10,-10,0,FALSE,19,9,1,0,1,,,
2014,15,"205","LUP","Lupinus argenteus",0,110,10,-10,-10,0,FALSE,14,8,1,0,1,,,
2014,15,"206","LUP","Lupinus argenteus",0,145,30,-10,-10,0,FALSE,12,12,0,0,1,,,
2014,15,"207","LUP","Lupinus argenteus",0,155,25,-10,-10,0,FALSE,13,11,0,0,1,,,
2014,15,"208","LUP","Lupinus argenteus",0,160,25,-10,-10,0,FALSE,25,13,4,0,1,,,
2014,15,"209","LUP","Lupinus argenteus",0,165,20,-10,-10,0,FALSE,21,11,3,0,1,,,
2014,15,"210","LUP","Lupinus argenteus",0,185,20,-10,-10,0,FALSE,17,11,1,0,1,,,
2014,15,"211","LUP","Lupinus argenteus",0,200,25,-10,-10,0,FALSE,8,8,0,0,1,,,
2014,15,"212","LUP","Lupinus argenteus",0,195,15,-10,-10,0,FALSE,2,2,0,0,1,,,
2014,15,"213","LUP","Lupinus argenteus",0,155,5,-10,-10,0,FALSE,17,8,1,0,1,,,
2014,15,"214","LUP","Lupinus argenteus",0,170,5,-10,-10,0,FALSE,5,4,0,0,1,,,
2014,16,"1589","LUPARG","Lupinus argenteus",0,145,57,10,0,0,FALSE,11,8,0,0,1,,,
2014,16,"1808","Agoseris glauca","Senecio crassulus",0,28,61,-10,-10,0,FALSE,1,3,0,0,1,,,
2014,16,"1809","Eriogonum umbellatum","Eriogonum umbellatum",0,32,44,-10,-10,0,FALSE,2,2,0,0,1,,,
2014,16,"215","LUP","Lupinus argenteus",0,10,0,0,10,0,FALSE,28,11,0,0,1,,,
2014,16,"216","LUP","Lupinus argenteus",0,5,30,0,-10,0,FALSE,12,6,0,0,1,,,
2014,16,"217","LUP","Lupinus argenteus",0,58,10,-10,-10,0,FALSE,27,12,5,0,1,,,
2014,16,"218","LUP","Lupinus argenteus",0,50,20,-10,-10,0,FALSE,7,5,0,0,1,,,
2014,16,"219","LUP","Lupinus argenteus",0,42,25,-10,-10,0,FALSE,11,9,0,0,1,,,
2014,16,"220","LUP","Lupinus argenteus",0,37,34,-10,-10,0,FALSE,16,10,0,0,1,,,
2014,16,"221","LUP","Lupinus argenteus",0,25,45,0,-10,0,FALSE,18,9,0,0,1,,,
2014,16,"222","LUP","Lupinus argenteus",0,56,40,0,-10,0,FALSE,16,16,2,0,1,,,
2014,16,"223","LUP","Lupinus argenteus",0,45,45,-10,-10,0,FALSE,26,18,0,0,1,,,
2014,16,"224","LUP","Lupinus argenteus",0,37,45,-10,-10,0,FALSE,7,6,0,0,1,,,
2014,16,"225","LUP","Lupinus argenteus",0,35,58,-5,-10,0,FALSE,11,10,0,0,1,,,
2014,16,"226","LUP","Lupinus argenteus",0,44,52,-10,-10,0,FALSE,18,15,2,0,1,,,
2014,16,"227","LUP","Lupinus argenteus",0,46,62,-10,-10,0,FALSE,17,13,0,0,1,,,
2014,16,"228","LUP","Lupinus argenteus",0,36,65,-10,-10,0,FALSE,14,13,0,0,1,,,
2014,16,"229","LUP","Lupinus argenteus",0,33,65,-10,-10,0,FALSE,11,13,0,0,1,,,
2014,16,"230","LUP","Lupinus argenteus",0,24,70,-10,-10,0,FALSE,14,13,1,0,1,,,
2014,16,"231","LUP","Lupinus argenteus",0,18,73,-10,-10,0,FALSE,19,12,2,0,1,,,
2014,16,"232","LUP","Lupinus argenteus",0,38,73,-10,-10,0,FALSE,16,13,0,0,1,,,
2014,16,"233","LUP","Lupinus argenteus",0,40,70,-10,-10,0,FALSE,15,13,1,0,1,,,
2014,16,"234","LUP","Lupinus argenteus",0,45,81,-10,-10,0,FALSE,20,13,0,0,1,,,
2014,16,"235","LUP","Lupinus argenteus",0,40,85,-10,-10,0,FALSE,30,17,6,0,1,,,
2014,16,"236","LUP","Lupinus argenteus",0,23,95,-10,-10,0,FALSE,34,18,13,0,1,,,
2014,16,"237","LUP","Lupinus argenteus",0,48,95,-10,-10,0,FALSE,14,7,0,0,1,,,
2014,16,"2371","Elymus lanceolatus","Elymus lanceolatus",0,68,68,-10,-10,0,FALSE,27,18,3,0,1,,,
2014,16,"238","LUP","Lupinus argenteus",0,37,108,-10,-10,0,FALSE,14,13,1,0,1,,,
2014,16,"239","IVEGOR","Chaenactis douglasii",1,24,110,-10,-10,0,FALSE,1,1,0,1,1,,,"id tentative"
2014,16,"240","LUP","Lupinus argenteus",0,5,105,0,-10,0,FALSE,19,13,0,0,1,,,
2014,16,"241","LUP","Lupinus argenteus",0,5,115,-10,-10,0,FALSE,12,10,0,0,1,,,
2014,16,"242","LUP","Lupinus argenteus",0,3,120,-10,-10,0,FALSE,29,17,4,0,1,,,
2014,16,"243A","LUP","Lupinus argenteus",0,22,120,-10,-10,0,FALSE,34,16,11,0,1,,,
2014,16,"244","LUP","Lupinus argenteus",0,35,135,-10,-10,0,FALSE,20,13,2,0,1,,,
2014,16,"245","LUP","Lupinus argenteus",0,74,90,-10,-10,0,FALSE,15,30,4,0,1,,,
2014,16,"246","LUP","Lupinus argenteus",0,65,74,-10,-10,0,FALSE,29,18,4,0,1,,,
2014,16,"247","LUP","Lupinus argenteus",0,85,60,-10,-10,0,FALSE,25,18,6,0,1,,,
2014,16,"248","LUP","Lupinus argenteus",0,80,45,-10,-10,0,FALSE,22,15,5,0,1,,,
2014,16,"249","LUP","Lupinus argenteus",0,83,35,-10,-10,0,FALSE,16,10,0,0,1,,,
2014,16,"250","LUP","Lupinus argenteus",0,95,30,-10,-10,0,FALSE,20,13,1,0,1,,,
2014,16,"251","LUP","Lupinus argenteus",0,107,35,-10,-10,0,FALSE,7,3,0,0,1,,,
2014,16,"252","LUP","Lupinus argenteus",0,115,55,-10,-10,0,FALSE,30,17,4,0,1,,,
2014,16,"253","LUP","Lupinus argenteus",0,122,50,-10,-10,0,FALSE,22,18,4,0,1,,,"might be another stem of 252. was labeled 243 in 2014. position moved in 2015"
2014,16,"254","LUP","Lupinus argenteus",0,135,50,0,10,0,FALSE,18,15,1,0,1,,,
2014,16,"255","LUP","Lupinus argenteus",0,123,65,0,5,0,FALSE,13,7,0,0,1,,,
2014,16,"256","LUP","Lupinus argenteus",0,131,40,-10,-10,0,FALSE,14,13,0,0,1,,,
2014,16,"257","LUP","Lupinus argenteus",0,135,50,10,10,0,FALSE,13,10,1,0,1,,,
2014,16,"258","LUP","Lupinus argenteus",0,133,36,-10,-10,0,FALSE,16,12,4,0,1,,,
2014,16,"259","LUP","Lupinus argenteus",0,148,40,10,10,0,FALSE,17,12,0,0,1,,,
2014,16,"260","LUP","Lupinus argenteus",0,147,32,-10,-10,0,FALSE,26,16,7,0,1,,,
2014,16,"261","LUP","Lupinus argenteus",0,162,40,0,-5,0,FALSE,27,11,0,0,1,,,
2014,16,"262","LUP","Lupinus argenteus",0,195,60,-10,-10,0,FALSE,28,20,4,0,1,,,
2014,16,"263","LUP","Lupinus argenteus",0,175,85,-10,-10,0,FALSE,37,16,9,0,1,,,
2014,16,"264","LUP","Lupinus argenteus",0,175,100,-10,-10,0,FALSE,5,6,0,0,1,,,
2014,16,"265","LUP","Lupinus argenteus",0,155,85,-10,-10,0,FALSE,13,10,0,0,1,,,
2014,16,"266","LUP","Lupinus argenteus",0,155,90,-10,0,0,FALSE,13,12,2,0,1,,,
2014,16,"267","LUP","Lupinus argenteus",0,152,100,-5,0,0,FALSE,15,13,2,0,1,,,
2014,16,"268","LUP","Lupinus argenteus",0,145,120,-10,-10,0,FALSE,25,11,2,0,1,,,
2014,16,"269","LUP","Lupinus argenteus",0,160,115,-10,-10,0,FALSE,12,11,1,0,1,,,
2014,16,"270","LUP","Lupinus argenteus",0,175,115,-10,-10,0,FALSE,8,6,0,0,1,,,
2014,16,"271","LUP","Lupinus argenteus",0,155,130,-10,-10,0,FALSE,24,12,2,0,1,,,
2014,16,"272","LUP","Lupinus argenteus",0,190,115,-10,-10,0,FALSE,10,6,0,0,1,,,
2014,16,"273","LUP","Lupinus argenteus",0,180,130,-10,-10,0,FALSE,13,7,0,0,1,,,
2014,16,"274","LUP","Lupinus argenteus",0,185,150,-10,-10,0,FALSE,10,6,0,0,1,,,
2014,16,"275","IVEGOR","Ivesia gordonii",0,160,180,-10,-10,0,FALSE,3,2,0,0,1,,,
2014,16,"276","LUP","Lupinus argenteus",0,155,190,-10,-10,0,FALSE,5,3,0,0,1,,,
2014,16,"277","LUP","Lupinus argenteus",0,50,155,-10,-10,0,FALSE,15,8,0,0,1,,,
2014,16,"278","LUP","Lupinus argenteus",0,55,200,-10,-10,0,FALSE,14,7,0,0,1,,,
2014,16,"279","fatgrass","Elymus lanceolatus",0,30,100,10,10,0,FALSE,7,23,1,0,1,,,"2 stems"
2014,16,"280","scorpionweed","Phacelia hastata",1,127,45,-10,-10,0,FALSE,6,2,0,0,1,,,"id tentative"
2014,16,"281","LUP","Lupinus argenteus",0,137,40,-10,-10,0,FALSE,17,18,2,0,1,,,
2014,17,"1814","Heterotheca villosa","Heterotheca villosa",0,19,53,-10,-10,0,FALSE,1.5,2,0,0,1,,,
2014,17,"282","LUP","Lupinus argenteus",0,31,10,-10,-10,0,FALSE,5,4,0,0,1,,,
2014,17,"283","LUP","Lupinus argenteus",0,12,44,-10,-10,0,FALSE,17,13,1,0,1,,,
2014,17,"284","LUP","Lupinus argenteus",0,10,61,-10,-10,0,FALSE,3,3,0,0,1,,,
2014,17,"285","ERIlow","Eriogonum umbellatum",0,20,80,-10,-10,0,FALSE,67,4,46,0,1,,,
2014,17,"286","lowsun","Heterotheca villosa",0,2,87,0,-10,0,FALSE,4,5,0,0,1,,,
2014,17,"287","fatgrass","Elymus lanceolatus",0,23,82,-10,-10,0,FALSE,12,17,1,0,1,,,
2014,17,"288","fatgrass","Elymus lanceolatus",0,20,89,-10,0,0,FALSE,10,11,0,0,1,,,
2014,17,"289","fatgrass","Elymus lanceolatus",0,29,85,10,0,0,FALSE,9,19,4,0,1,,,
2014,17,"290","fatgrass","Elymus lanceolatus",0,25,95,-10,0,0,FALSE,5,9,0,0,1,,,
2014,17,"291","fatgrass","Elymus lanceolatus",0,36,100,-10,0,0,FALSE,6,18,4,0,1,,,
2014,17,"292","fatgrass","Elymus lanceolatus",0,35,100,5,-5,0,FALSE,6,12,0,0,1,,,
2014,17,"293","fatgrass","Elymus lanceolatus",0,30,105,-5,0,0,FALSE,3,18,1,0,1,,,
2014,17,"294","LUP","Lupinus argenteus",0,40,123,-10,-10,0,FALSE,7,5,0,0,1,,,
2014,17,"295","LUP","Lupinus argenteus",0,28,140,-10,-10,0,FALSE,11,9,0,0,1,,,
2014,17,"296","LUP","Lupinus argenteus",0,28,183,-10,-10,0,FALSE,7,4,0,0,1,,,
2014,17,"297","LUP","Lupinus argenteus",0,40,183,-10,-10,0,FALSE,8,5,0,0,1,,,
2014,17,"298","LUP","Lupinus argenteus",0,45,110,-10,-10,0,FALSE,6,4,0,0,1,,,
2014,17,"299","LUP","Lupinus argenteus",0,70,110,-10,-10,0,FALSE,8,7,0,0,1,,,
2014,17,"300","LUP","Lupinus argenteus",0,80,110,-10,-10,0,FALSE,7,6,0,0,1,,,
2014,17,"301","LUP","Lupinus argenteus",0,90,110,-10,-10,0,FALSE,2,3,0,0,1,,,
2014,17,"302","LUP","Lupinus argenteus",0,92,140,-10,-10,0,FALSE,3,4,0,0,1,,,
2014,17,"303","LUP","Lupinus argenteus",0,95,125,-10,-10,0,FALSE,6,5,0,0,1,,,
2014,17,"304","LUP","Lupinus argenteus",0,51,15,-10,-10,0,FALSE,2,1,0,0,1,,,
2014,17,"305","LUP","Lupinus argenteus",0,65,1,-5,0,0,FALSE,4,5,0,0,1,,,
2014,17,"306","lowsun","Heterotheca villosa",0,65,10,-5,0,0,FALSE,10,4,6,0,1,,,
2014,17,"307","LUP","Lupinus argenteus",0,80,40,-10,-10,0,FALSE,13,10,0,0,1,,,
2014,17,"308","LUP","Lupinus argenteus",0,95,40,-10,-10,0,FALSE,6,7,0,0,1,,,
2014,17,"309","LUP","Lupinus argenteus",0,75,60,-10,-10,0,FALSE,16,10,2,0,1,,,
2014,17,"310","LUP","Lupinus argenteus",0,85,60,-10,-10,0,FALSE,14,10,2,0,1,,,
2014,17,"311","LUP","Lupinus argenteus",0,75,70,-10,-10,0,FALSE,8,7,1,0,1,,,
2014,17,"312","LUP","Lupinus argenteus",0,75,73,0,5,0,FALSE,6,5,0,0,1,,,
2014,17,"313","LUP","Lupinus argenteus",0,85,80,0,5,0,FALSE,6,6,0,0,1,,,
2014,17,"314","LUP","Lupinus argenteus",0,90,70,0,-10,0,FALSE,18,11,1,0,1,,,
2014,17,"315","LUP","Lupinus argenteus",0,105,80,-10,-10,0,FALSE,8,6,0,0,1,,,
2014,17,"316","LUP","Lupinus argenteus",0,130,55,-10,-10,0,FALSE,10,7,0,0,1,,,
2014,17,"318","LUP","Lupinus argenteus",0,149,50,-10,-10,0,FALSE,12,10,1,0,1,,,
2014,17,"319","LUP","Lupinus argenteus",0,110,15,-10,-10,0,FALSE,5,4,0,0,1,,,
2014,17,"320","LUP","Lupinus argenteus",0,110,17,-10,10,0,FALSE,0.5,1,0,1,1,,,
2014,17,"321","LUP","Lupinus argenteus",0,111,18,10,10,0,FALSE,1,2,0,0,1,,,
2014,17,"322","LUP","Lupinus argenteus",0,117,15,-10,-10,0,FALSE,7,6,0,0,1,,,
2014,17,"323","LUP","Lupinus argenteus",0,199,130,-10,0,0,FALSE,16,11,0,0,1,,,
2014,17,"324","LUP","Lupinus argenteus",1,150,105,-10,-10,0,FALSE,1,1,0,1,1,,,"id tentative"
2014,17,"325","IVEGOR","Ivesia gordonii",0,199,175,-10,-10,0,FALSE,12,7,6,0,1,,,
2014,17,"326","LUP","Lupinus argenteus",0,155,150,-10,-10,0,FALSE,3,2,0,0,1,,,"probably will die 2015"
2014,17,"327","LUP","Lupinus argenteus",0,115,160,-10,-10,0,FALSE,8,6,0,0,1,,,
2014,18,"328","IVEGOR","Ivesia gordonii",0,34,11.5,-10,-10,0,FALSE,11,6,2,0,1,,,
2014,18,"329","IVEGOR","Ivesia gordonii",0,37,12,-10,-10,0,FALSE,12,5,1,0,1,,,
2014,18,"330","ERIlow","Eriogonum umbellatum",0,45,75,-10,-10,0,FALSE,32,3,32,0,1,,,
2014,18,"331","IVEGOR","Ivesia gordonii",0,30,90,-10,-10,0,FALSE,13,6,13,0,1,,,
2014,18,"332","IVEGOR","Ivesia gordonii",0,35,85,-10,-10,0,FALSE,8,6,6,0,1,,,
2014,18,"333","IVEGOR","Ivesia gordonii",0,40,80,-10,-10,0,FALSE,9,7,9,0,1,,,
2014,18,"334","fatgrass","Elymus lanceolatus",0,40,75,-10,-10,0,FALSE,3,9,0,0,1,,,
2014,18,"335","IVEGOR","Ivesia gordonii",0,85,80,-10,-10,0,FALSE,14,6,8,0,1,,,
2014,18,"336","fatgrass","Elymus lanceolatus",0,90,100,-10,-10,0,FALSE,8,15,4,0,1,,,
2014,18,"337","IVEGOR","Ivesia gordonii",0,180,160,-10,-10,0,FALSE,8,6,3,0,1,,,
2014,18,"338","IVEGOR","Ivesia gordonii",0,102,50,-10,-10,0,FALSE,14,8,5,0,1,,,
2014,18,"339","lowsun","Heterotheca villosa",0,145,195,-10,-10,0,FALSE,22,7,24,0,1,,,
2014,19,"1597","ERIUMB","Eriogonum umbellatum",0,194,65,5,-5,0,FALSE,1.5,2.5,0,0,1,,,
2014,19,"1598","ERIUMB","Eriogonum umbellatum",0,186,63,0,5,0,FALSE,1,1.5,0,0,1,,,
2014,19,"1599","ERIUMB","Eriogonum umbellatum",0,184,59,-10,10,0,FALSE,1,1.5,0,0,1,,,
2014,19,"1600","ERIUMB","Eriogonum umbellatum",0,171,122,-10,-10,0,FALSE,1.5,1.5,0,0,1,,,
2014,19,"1833","Ivesia gordonii","Ivesia gordonii",0,160,120,-10,-10,0,FALSE,2,2,0,0,1,,,
2014,19,"1839","Ivesia gordonii","Ivesia gordonii",0,135,55,-10,-10,0,FALSE,7,4,0,0,1,,,"split from 348"
2014,19,"2229","Senecio crassulus","Senecio crassulus",0,5,77,-10,-10,0,FALSE,3,3,0,0,1,,,
2014,19,"340","IVEGOR","Ivesia gordonii",0,55,15,-10,-10,0,FALSE,11,6,7,0,1,,,
2014,19,"341","IVEGOR","Ivesia gordonii",0,77,28,-10,-10,0,FALSE,10,5,7,0,1,,,
2014,19,"342","ERIlow","Eriogonum umbellatum",0,105,20,-33,-17,0,FALSE,110,3,30,0,1,,,"goes from 55-165cm x"
2014,19,"343","tallsun","Senecio crassulus",0,103,10,-10,-10,0,FALSE,5,9,0,0,1,,,
2014,19,"344","lowsun","Heterotheca villosa",0,100,35,-20,5,0,FALSE,58,5,16,0,1,,,"giant dispersed mat"
2014,19,"345","LUP","Lupinus argenteus",0,95,30,-10,-10,0,FALSE,13,8,0,0,1,,,
2014,19,"346","fatgrass","Elymus lanceolatus",0,110,15,-10,-10,0,FALSE,10,17,1,0,1,,,
2014,19,"347","fatgrass","Elymus lanceolatus",0,146,15,10,0,0,FALSE,7,14,2,0,1,,,
2014,19,"348","IVEGOR","Ivesia gordonii",0,125,65,-10,-10,0,FALSE,16,6,14,0,1,,,
2014,19,"349","lowsun","Heterotheca villosa",0,185,62,-10,-10,0,FALSE,39,7,16,0,1,,,"largemat"
2014,19,"350","ERIlow","Eriogonum umbellatum",0,187,55,-5,0,0,FALSE,3,2,0,0,1,,,
2014,19,"351","IVEGOR","Ivesia gordonii",0,170,65,-10,-10,0,FALSE,4,4,0,0,1,,,
2014,19,"352","IVEGOR","Ivesia gordonii",0,175,70,-10,-10,0,FALSE,3,2,0,0,1,,,
2014,19,"353","ERIlow","Eriogonum umbellatum",0,105,95,-10,-10,0,FALSE,10,2,2,0,1,,,
2014,19,"354","IVEGOR","Ivesia gordonii",0,105,100,-10,-10,0,FALSE,7,3,0,0,1,,,
2014,19,"355","IVEGOR","Ivesia gordonii",0,105,105,-5,-5,0,FALSE,8,3,0,0,1,,,
2014,19,"356","IVEGOR","Ivesia gordonii",0,110,100,5,0,0,FALSE,7,3,2,0,1,,,
2014,19,"357","IVEGOR","Ivesia gordonii",0,95,105,-5,0,0,FALSE,1,0.5,0,1,1,,,
2014,19,"358","IVEGOR","Ivesia gordonii",0,165,100,-10,-10,0,FALSE,5,3,2,0,1,,,
2014,19,"359","ERIlow","Eriogonum umbellatum",0,145,105,-1,0,0,FALSE,2,1,0,0,1,,,
2014,19,"360","IVEGOR","Ivesia gordonii",0,130,107,-5,0,0,FALSE,0.5,0.5,0,1,1,,,
2014,19,"361","IVEGOR","Ivesia gordonii",0,170,107,-10,-10,0,FALSE,2,2,0,0,1,,,
2014,19,"362","IVEGOR","Ivesia gordonii",0,160,110,-10,-10,0,FALSE,1,1,0,1,1,,,
2014,19,"363","lowsun","Heterotheca villosa",0,160,120,-10,0,0,FALSE,10,5,4,0,1,,,
2014,19,"364","ERIlow","Eriogonum umbellatum",0,165,130,-5,0,0,FALSE,4,2,0,0,1,,,
2014,19,"365","IVEGOR","Ivesia gordonii",0,155,140,-5,0,0,FALSE,10,5,3,0,1,,,
2014,19,"366","fatgrass","Elymus lanceolatus",0,165,140,10,0,0,FALSE,13,16,3,0,1,,,
2014,19,"367","ERIlow","Eriogonum umbellatum",0,170,160,-10,-10,0,FALSE,1,1,0,1,1,,,
2014,19,"368","ERIlow","Eriogonum umbellatum",0,115,185,-10,-10,0,FALSE,34,2,15,0,1,,,
2014,19,"369","lowsun","Heterotheca villosa",0,100,145,-10,-10,0,FALSE,5,6,0,0,1,,,
2014,19,"370","ERIlow","Eriogonum umbellatum",0,85,145,-10,-10,0,FALSE,8,2,1,0,1,,,
2014,19,"371","IVEGOR","Ivesia gordonii",0,80,155,-10,-10,0,FALSE,16,7,27,0,1,,,
2014,19,"372","IVEGOR","Ivesia gordonii",0,5,80,0,-10,0,FALSE,22,7,54,0,1,,,
2014,19,"373","spikestar","Ivesia gordonii",0,105,105,0,10,0,FALSE,2,1,4,0,1,,,"three lobed dissected leaves, 5 petals   and 5 sepals offset, yellow with orange anthers= Sedum lanceolatum?"
2014,20,"1610","SENCRA","Senecio crassulus",0,2,83,-10,-10,0,FALSE,2.5,4,0,0,1,,,
2014,20,"1620","Chaenactis douglasii","Chaenactis douglasii",0,100,40,-10,-10,0,FALSE,12,5,3,0,1,,,
2014,20,"1858","Eriogonum umbellatum","Eriogonum umbellatum",0,52,65,-5,-5,0,FALSE,1,1,0,0,1,,,
2014,20,"1873","Ivesia gordonii","Ivesia gordonii",0,40,42,-10,-10,0,FALSE,1,1,0,1,1,,,
2014,20,"1874","Heterotheca villosa","Heterotheca villosa",0,40,35,-10,-10,0,FALSE,1,1,0,0,1,,,
2014,20,"1879","Viola praemorsa","Penstemon whippleanus",0,2,17,-10,-10,0,FALSE,8,4,0,0,1,,,
2014,20,"1885","Agoseris glauca","Agoseris glauca",0,13,24,-10,-10,0,FALSE,3,7,1,0,1,,,
2014,20,"2178","Phacelia hastata","Phacelia hastata",0,173,52,-10,-10,0,FALSE,20,6,0,0,1,,,
2014,20,"2381","fatgrass","Elymus lanceolatus",0,9,82.75,0,-5,0,FALSE,6,20,2,0,1,,,
2014,20,"374","IVEGOR","Ivesia gordonii",0,5,12,0,-10,0,FALSE,10,4,3,0,1,,,
2014,20,"375","ERIlow","Eriogonum umbellatum",0,8,8,10,0,0,FALSE,4,1,0,0,1,,,
2014,20,"376","LUP","Lupinus argenteus",0,8,18,5,-5,0,FALSE,14,10,0,0,1,,,
2014,20,"377","LUP","Lupinus argenteus",0,14,24,5,-5,0,FALSE,16,13,1,0,1,,,
2014,20,"378","LUP","Lupinus argenteus",0,20,27,5,-5,0,FALSE,8,5,0,0,1,,,
2014,20,"379","IVEGOR","Ivesia gordonii",0,24,27,5,10,0,FALSE,1.5,2.5,0,0,1,,,
2014,20,"380","SAXBRO","Arenaria congesta",0,17,35,0,-2,0,FALSE,1,1,0,1,1,,,
2014,20,"381","LUP","Lupinus argenteus",0,20,45,-10,-10,0,FALSE,9,7,0,0,1,,,"2 stems"
2014,20,"382","IVEGOR","Ivesia gordonii",0,12,37,0,5,0,FALSE,0.5,0.5,0,1,1,,,
2014,20,"383","LUP","Lupinus argenteus",0,13,30,-10,-10,0,FALSE,10,7,0,0,1,,,
2014,20,"384","LUP","Lupinus argenteus",0,0,30,0,-10,0,FALSE,20,12,2,0,1,,,
2014,20,"385","LUP","Lupinus argenteus",0,5,30,0,-10,0,FALSE,10,8,0,0,1,,,
2014,20,"386","SAXBRO","Arenaria congesta",0,23,39,5,-5,0,FALSE,1,0.5,0,1,1,,,
2014,20,"387","SAXBRO","Arenaria congesta",0,28,35,5,-5,0,FALSE,1,0.5,0,1,1,,,
2014,20,"388","LUP","Lupinus argenteus",0,10,49,10,0,0,FALSE,2,2,0,0,1,,,
2014,20,"389","LUP","Lupinus argenteus",0,16,30,5,0,0,FALSE,2,2,0,0,1,,,"probably does not exist - remove in 2015 as dead?"
2014,20,"389A","fatgrass","Elymus lanceolatus",0,179,176,-5,-5,0,FALSE,12,10,0,0,1,,,
2014,20,"390","LUP","Lupinus argenteus",0,25,45,0,5,0,FALSE,14,5,0,0,1,,,
2014,20,"391","LUP","Lupinus argenteus",0,18,58,10,0,0,FALSE,11,6,0,0,1,,,
2014,20,"392","IVEGOR","Ivesia gordonii",0,43,70,-10,-10,0,FALSE,19,8,0,0,1,,,
2014,20,"393","lowsun","Heterotheca villosa",1,42,55,5,-3,0,FALSE,0.5,0.5,0,1,1,,,"id tentative"
2014,20,"394","ERIlow","Eriogonum umbellatum",0,49,55,5,0,0,FALSE,0.5,0.5,0,1,1,,,
2014,20,"395","ERIlow","Eriogonum umbellatum",0,49,55,5,0,0,FALSE,0.5,0.5,0,1,1,,,
2014,20,"396","LUP","Lupinus argenteus",0,55,50,-10,-10,0,FALSE,21,13,0,0,1,,,
2014,20,"397","LUP","Lupinus argenteus",0,58,43,-10,-10,0,FALSE,18,11,0,0,1,,,
2014,20,"398","IVEGOR","Ivesia gordonii",0,55,26,-10,-10,0,FALSE,12,6,0,0,1,,,
2014,20,"399","IVEGOR","Ivesia gordonii",0,57,22,-10,-10,0,FALSE,10,4,1,0,1,,,"xcoordinate may be 97"
2014,20,"400","ERIlow","Eriogonum umbellatum",0,43,10,-5,0,0,FALSE,28,2,9,0,1,,,"mat"
2014,20,"401","CHAALP","Chaenactis douglasii",0,41,1,-10,0,0,FALSE,6,2,0,0,1,,,
2014,20,"402","SAXBRO","Arenaria congesta",0,77,20,-10,-10,0,FALSE,18,9,83,0,1,,,
2014,20,"403","fatgrass","Elymus lanceolatus",0,74,25,-10,-10,0,FALSE,7,13,1,0,1,,,
2014,20,"404","SAXBRO","Arenaria congesta",0,75,25,-10,-10,0,FALSE,11,6,53,0,1,,,
2014,20,"405","SAXBRO","Arenaria congesta",0,102,15,-10,-10,0,FALSE,10,5,64,0,1,,,
2014,20,"406","tallsun","Senecio crassulus",0,65,47,-10,-10,0,FALSE,6,7,0,0,1,,,
2014,20,"407","ERIlow","Heterotheca villosa",0,70,55,-10,-10,0,FALSE,3,3,0,0,1,,,
2014,20,"408","fatgrass","Elymus lanceolatus",0,97,18,-10,-10,0,FALSE,5,8,0,0,1,,,
2014,20,"409","fatgrass","Elymus lanceolatus",0,92,21,-10,-10,0,FALSE,4,10,1,0,1,,,
2014,20,"410","fatgrass","Elymus lanceolatus",0,110,21,-10,-10,0,FALSE,12,12,2,0,1,,,
2014,20,"411","lowsun","Heterotheca villosa",0,125,100,-10,-10,0,FALSE,23,5,24,0,1,,,
2014,20,"412","ERIlow","Eriogonum umbellatum",0,140,110,0,1,0,FALSE,43,3,24,0,1,,,
2014,20,"413","fatgrass","Elymus lanceolatus",0,125,85.25,-10,-10,0,FALSE,7,11,0,0,1,,,
2014,20,"414","fatgrass","Elymus lanceolatus",0,125,87,3,0,0,FALSE,3,5,0,0,1,,,
2014,20,"415","fatgrass","Elymus lanceolatus",0,125,82,-10,-10,0,FALSE,11,8,0,0,1,,,
2014,20,"416","fatgrass","Elymus lanceolatus",0,130,90,0,-10,0,FALSE,6,5,0,0,1,,,
2014,20,"417","fatgrass","Elymus lanceolatus",0,135,95,10,-10,0,FALSE,4,3,0,0,1,,,
2014,20,"418","fatgrass","Elymus lanceolatus",0,135,100,10,0,0,FALSE,3,5,0,0,1,,,
2014,20,"419","LUP","Lupinus argenteus",0,190,145,-10,-10,0,FALSE,19,10,1,0,1,,,
2014,20,"420","LUP","Lupinus argenteus",0,180,170,-10,-10,0,FALSE,18,13,2,0,1,,,
2014,20,"421","LUP","Lupinus argenteus",0,160,170,-10,-10,0,FALSE,2,2,0,0,1,,,
2014,20,"422","LUP","Lupinus argenteus",0,180,180,-10,-10,0,FALSE,15,11,0,0,1,,,
2014,20,"423","IVEGOR","Ivesia gordonii",0,175,185,-10,-10,0,FALSE,15,8,0,0,1,,,
2014,20,"424","LUP","Lupinus argenteus",0,155,185,-10,-10,0,FALSE,4,4,0,0,1,,,
2014,20,"425","LUP","Lupinus argenteus",0,150,185,-10,-10,0,FALSE,4,4,0,0,1,,,
2014,20,"426","CHAALP","Chaenactis douglasii",0,180,198,-10,-10,0,FALSE,2,1,0,0,1,,,
2014,20,"427","LUP","Lupinus argenteus",0,165,193,-10,-10,0,FALSE,26,13,5,0,1,,,
2014,20,"428","LUP","Lupinus argenteus",0,165,198,-10,-10,0,FALSE,24,14,7,0,1,,,
2014,20,"429","LUP","Lupinus argenteus",0,105,198,-10,-10,0,FALSE,0.5,1,0,1,1,,,
2014,20,"430","LUP","Lupinus argenteus",0,110,195,-10,-10,0,FALSE,11,7,0,0,1,,,
2014,20,"431","LUP","Lupinus argenteus",0,100,175,-10,-10,0,FALSE,15,7,0,0,1,,,
2014,20,"432","IVEGOR","Ivesia gordonii",0,35,190,-10,-10,0,FALSE,7,3,0,0,1,,,
2014,20,"433","IVEGOR","Ivesia gordonii",0,10,175,-10,-10,0,FALSE,9,5,0,0,1,,,
2014,20,"434","IVEGOR","Ivesia gordonii",0,1,160,0,-10,0,FALSE,7,5,2,0,1,,,
2014,20,"435","IVEGOR","Ivesia gordonii",0,10,152,-10,-10,0,FALSE,12,6,3,0,1,,,
2014,20,"436","ERIlow","Eriogonum umbellatum",0,0,80,0,-10,0,FALSE,46,2,89,0,1,,,"large mat"
2014,20,"437","tallsun","Agoseris glauca",0,1,85,0,-10,0,FALSE,7,7,1,0,1,,,
2014,20,"439","fatgrass","Elymus lanceolatus",0,5,85,10,10,0,FALSE,10,15,2,0,1,,,
2014,20,"440","fatgrass","Elymus lanceolatus",0,13,84,10,0,0,FALSE,6,18,1,0,1,,,
2014,20,"441","ERIlow","Eriogonum umbellatum",0,2,6,0,10,0,FALSE,0.5,0.5,0,1,1,,,
2014,20,"442","smallgrass","Achnatherum lettermanii",0,1,80,0,-10,0,FALSE,7,7,1,0,1,,,"very rrow leaves, small seeds, shorter than fatgrass"
2014,20,"443","greenmonster","Pseudocymopterus montanus",0,0,85,0,-15,0,FALSE,10,3,6,0,1,,,"finely dissected dark green leaves; flowers are oveal with white powder at end, 5-8 structures. Polygoceae?"
2014,21,"1894","Phacelia hastata","Phacelia hastata",0,156,55,-10,-10,0,FALSE,5,2,0,0,1,,,
2014,21,"1895","Achnatherum lettermanii","Achnatherum lettermanii",0,77,107,0,10,0,FALSE,7,5,0,0,1,,,
2014,21,"1896","Ivesia gordonii","Ivesia gordonii",0,80,105,0,10,0,FALSE,3,3,0,0,1,,,
2014,21,"2244","Ivesia gordonii","Ivesia gordonii",0,26,115,-10,-10,0,FALSE,3,4,0,0,1,,,
2014,21,"2383","ERIlow","Eriogonum umbellatum",0,35,140,-10,-10,0,FALSE,63,4,52,0,1,,,"large mat"
2014,21,"444","ERIlow","Eriogonum umbellatum",0,85,90,0,-10,0,FALSE,32,4,16,0,1,,,
2014,21,"445","lowsun","Heterotheca villosa",0,65,85,-10,-10,0,FALSE,1,2,0,0,1,,,
2014,21,"446","ERIlow","Eriogonum umbellatum",0,140,30,-10,-10,0,FALSE,20,2,3,0,1,,,
2014,21,"447","fatgrass","Elymus lanceolatus",0,140,40,5,5,0,FALSE,7,18,0,0,1,,,
2014,21,"448","fatgrass","Elymus lanceolatus",0,135,30,-5,0,0,FALSE,7,13,0,0,1,,,
2014,21,"449","IVEGOR","Ivesia gordonii",0,180,160,0,-10,0,FALSE,2,2,0,0,1,,,
2014,21,"450","ERIlow","Eriogonum umbellatum",0,175,160,-5,0,0,FALSE,0.5,0.5,0,1,1,,,
2014,21,"451","INDET","Indet indet",1,150,110,-10,-10,0,FALSE,0.5,0.5,0,1,1,,,"indeterminable"
2014,21,"452","ERIlow","Eriogonum umbellatum",0,165,160,-10,-10,0,FALSE,0.5,0.5,0,1,1,,,
2014,21,"453","ERIlow","Eriogonum umbellatum",0,135,130,-10,-10,0,FALSE,0.5,0.5,0,1,1,,,
2014,21,"454","ERIlow","Eriogonum umbellatum",0,130,175,-10,-10,0,FALSE,0.5,0.5,0,1,1,,,
2014,21,"455","ERIlow","Eriogonum umbellatum",0,90,130,-10,-10,0,FALSE,0.5,0.5,0,1,1,,,
2014,21,"456","ERIlow","Eriogonum umbellatum",0,105,180,-10,-10,0,FALSE,0.5,1,0,1,1,,,
2014,21,"457","ERIlow","Eriogonum umbellatum",0,160,180,-10,-10,0,FALSE,0.5,0.5,0,1,1,,,
2014,21,"458","ERIlow","Eriogonum umbellatum",0,150,200,-10,-10,0,FALSE,43,2,33,0,1,,,"large mat"
2014,21,"459","ERIlow","Eriogonum umbellatum",1,140,200,-10,-10,0,FALSE,6,2,0,0,1,,,"inside 458; has smaller leaves; id tentative"
2014,21,"461","lowsun","Heterotheca villosa",0,40,160,-10,-10,0,FALSE,4,3,0,0,1,,,
2014,21,"462","lowsun","Heterotheca villosa",0,30,140,-10,-10,0,FALSE,9,5,0,0,1,,,
2014,21,"463","smallgrass","Achnatherum lettermanii",0,30,155,-10,-10,0,FALSE,8,12,13,0,1,,,
2014,21,"464","smallgrass","Achnatherum lettermanii",0,40,135,-10,-10,0,FALSE,6,12,10,0,1,,,
2014,21,"465","smallgrass","Achnatherum lettermanii",0,35,128,-10,-10,0,FALSE,3,5,0,0,1,,,
2014,22,"1625","PHAHAS","Phacelia hastata",0,155,30,-10,-10,0,FALSE,5,2,1,0,1,,,
2014,22,"2245","Phacelia hastata","Phacelia hastata",0,14,48,-10,-10,0,FALSE,5,3,0,0,1,,,"maybe dormant?"
2014,22,"466","ERIlow","Eriogonum umbellatum",0,65,0,0,0,0,FALSE,51,4,34,0,1,,,"mat"
2014,22,"467","ERIlow","Eriogonum umbellatum",1,52,34,-10,-10,0,FALSE,6,1,0,0,1,,,"may be same species are 459"
2014,22,"468","ERIlow","Eriogonum umbellatum",0,125,45,-10,-10,0,FALSE,90,3,114,0,1,,,"mat"
2014,22,"469","lowsun","Heterotheca villosa",0,120,55,-10,-10,0,FALSE,30,6,48,0,1,,,
2014,22,"470","fatgrass","Elymus lanceolatus",0,105,50,-10,-10,0,FALSE,16,19,2,0,1,,,
2014,22,"471","IVEGOR","Ivesia gordonii",0,25,170,-10,-10,0,FALSE,2,1,0,0,1,,,
2014,22,"472","ERIlow","Eriogonum umbellatum",0,10,60,0,-10,0,FALSE,33,2,71,0,1,,,
2014,22,"473","fatgrass","Elymus lanceolatus",0,11,60,-5,-5,0,FALSE,8,9,0,0,1,,,
2014,22,"474","fatgrass","Elymus lanceolatus",0,10,65,-5,-5,0,FALSE,3,9,0,0,1,,,
2014,23,"475","ERIUMB","Eriogonum umbellatum",0,15,35,0,-5,0,FALSE,4,1,0,0,1,,,
2014,23,"476","HETVIL","Heterotheca villosa",0,72,30,-10,-10,0,FALSE,21,4,13,0,1,,,
2014,23,"477","IVEGOR","Ivesia gordonii",0,98,3,-10,-10,0,FALSE,13,3,2,0,1,,,
2014,23,"478","ERIUMB","Eriogonum umbellatum",0,75,70,-10,-10,0,FALSE,7,2,0,0,1,,,
2014,23,"479","IVEGOR","Ivesia gordonii",0,113,30,-10,-10,0,FALSE,4,2,0,0,1,,,
2014,23,"480","IVEGOR","Ivesia gordonii",0,105,70,-10,-10,0,FALSE,22,4,3,0,1,,,
2014,23,"481","ERIUMB","Eriogonum umbellatum",0,195,40,-10,-10,0,FALSE,50,3,76,0,1,,,
2014,23,"482","fatgrass","Elymus lanceolatus",0,193,40,-10,-10,0,FALSE,6,4,0,0,1,,,
2014,23,"483","tallsun","Agoseris glauca",0,185,50,-10,-10,0,FALSE,10,8,0,0,1,,,
2014,23,"484","fatgrass","Elymus lanceolatus",0,195,55,0,-10,0,FALSE,10,25,2,0,1,,,"3 stems"
2014,23,"485","LUP","Lupinus argenteus",0,190,80,-10,-10,0,FALSE,32,17,11,0,1,,,
2014,23,"486","LUP","Lupinus argenteus",0,180,110,-10,-10,0,FALSE,16,7,1,0,1,,,
2014,23,"487","LUP","Lupinus argenteus",0,185,112,0,-10,0,FALSE,6,3,0,0,1,,,
2014,23,"488","HETVIL","Heterotheca villosa",0,190,135,-10,-10,0,FALSE,23,2,2,0,1,,,
2014,23,"489","IVEGOR","Ivesia gordonii",0,115,160,-10,-10,0,FALSE,5,3,2,0,1,,,
2014,23,"490","fatgrass","Elymus lanceolatus",0,185,55,-10,-10,0,FALSE,6,18,3,0,1,,,
2014,24,"1905","Agoseris glauca","Agoseris glauca",0,188,85,-10,-10,0,FALSE,2,3.5,0,0,1,,,
2014,24,"1907","Senecio crassulus","Senecio crassulus",0,158,48,-10,-10,0,FALSE,4,6,0,0,1,,,
2014,24,"1908","Senecio crassulus","Senecio crassulus",0,156,51,-10,-10,0,FALSE,4,4,0,0,1,,,
2014,24,"491","ERIUMB","Eriogonum umbellatum",0,0,28,0,-5,0,FALSE,4,1,0,0,1,,,
2014,24,"492","ERIUMB","Eriogonum umbellatum",0,120,0,-10,0,0,FALSE,49,3,48,0,1,,,
2014,24,"493","fatgrass","Elymus lanceolatus",0,108,5,-5,0,0,FALSE,13,14,0,0,1,,,
2014,24,"494","fatgrass","Elymus lanceolatus",0,119,13.25,0,10,0,FALSE,8,18,2,0,1,,,
2014,24,"495","fatgrass","Elymus lanceolatus",0,118,20,0,10,0,FALSE,7,15,1,0,1,,,"Length was originally entered as 87, but on the data sheet, the 8 had been scratched out. Length was corrected on 19 Nov 2019."
2014,24,"496","fatgrass","Elymus lanceolatus",0,120,18,5,-5,0,FALSE,2,11,0,0,1,,,
2014,24,"497","fatgrass","Elymus lanceolatus",0,120,10,5,-5,0,FALSE,8,17,1,0,1,,,
2014,24,"498","ERIUMB","Eriogonum umbellatum",0,147,35,-10,-10,0,FALSE,9,1,0,0,1,,,
2014,24,"499","fatgrass","Elymus lanceolatus",0,155,35,-10,-10,0,FALSE,4,7,0,0,1,,,"tag upside down"
2014,24,"500","fatgrass","Elymus lanceolatus",0,160,50,10,0,0,FALSE,28,19,2,0,1,,,
2014,24,"501","tallsun","Senecio crassulus",0,160,50,10,-10,0,FALSE,17,9,0,0,1,,,"multistems"
2014,24,"502","ERIUMB","Eriogonum umbellatum",0,160,50,-10,0,0,FALSE,0.5,0.5,0,1,1,,,
2014,24,"503","fatgrass","Elymus lanceolatus",0,175,85,-10,-10,0,FALSE,14,13,2,0,1,,,
2014,24,"504","ERIUMB","Eriogonum umbellatum",0,185,90,-10,0,0,FALSE,30,3,22,0,1,,,
2014,24,"505","LUP","Lupinus argenteus",0,195,130,-10,-10,0,FALSE,10,6,0,0,1,,,
2014,24,"506","fatgrass","Elymus lanceolatus",0,195,175,-10,-10,0,FALSE,8,7,0,0,1,,,
2014,24,"507","ERIUMB","Eriogonum umbellatum",0,70,175,-10,-10,0,FALSE,63,3,97,0,1,,,"mat"
2014,24,"508","tallsun","Senecio crassulus",0,70,165,-10,-10,0,FALSE,3,15,2,0,1,,,
2014,24,"509","HETVIL","Heterotheca villosa",0,80,175,-10,-10,0,FALSE,53,5,30,0,1,,,"mat"
2014,24,"510","fatgrass","Elymus lanceolatus",0,55,180,-10,-10,0,FALSE,4,9,1,0,1,,,
2014,24,"511","fatgrass","Elymus lanceolatus",0,80,190,-10,-10,0,FALSE,8,13,2,0,1,,,
2014,24,"512","fatgrass","Elymus lanceolatus",0,80,195,-10,-10,0,FALSE,8,12,0,0,1,,,
2014,24,"513","fatgrass","Elymus lanceolatus",0,85,195,-10,-10,0,FALSE,7,15,1,0,1,,,
2014,24,"514","ERIUMB","Eriogonum umbellatum",0,15,110,0,-10,0,FALSE,34,4,25,0,1,,,
2014,24,"515","HETVIL","Heterotheca villosa",0,0,105,-10,-10,0,FALSE,5,2,0,0,1,,,
2014,24,"516","fatgrass","Elymus lanceolatus",0,17.5,112.5,-10,-10,0,FALSE,11,17,1,0,1,,,
2014,24,"517","fatgrass","Elymus lanceolatus",0,20,115,10,10,0,FALSE,24,22,12,0,1,,,
2014,25,"518","LUP","Lupinus argenteus",0,18,13,-10,-10,0,FALSE,4,3,0,0,1,,,"yellowing may die"
2014,25,"519","LUP","Lupinus argenteus",0,68,70,-10,-10,0,FALSE,10,6,0,0,1,,,
2014,25,"520","LUP","Lupinus argenteus",0,70,70,-10,-10,0,FALSE,11,5,0,0,1,,,
2014,25,"521","LUP","Lupinus argenteus",0,85,73,-10,-10,0,FALSE,5,4,0,0,1,,,
2014,25,"522","LUP","Lupinus argenteus",0,88,55,-10,-10,0,FALSE,13,5,0,0,1,,,
2014,25,"523","LUP","Lupinus argenteus",0,145,65,-10,-10,0,FALSE,10,5,0,0,1,,,
2014,25,"524","LUP","Lupinus argenteus",0,155,95,-10,-10,0,FALSE,25,17,5,0,1,,,
2014,25,"525","LUP","Lupinus argenteus",0,165,100,0,-10,0,FALSE,21,10,1,0,1,,,
2014,25,"526","LUP","Lupinus argenteus",0,165,100,10,-10,0,FALSE,7,6,0,0,1,,,
2014,25,"527","LUP","Lupinus argenteus",0,170,105,-10,10,0,FALSE,9,11,1,0,1,,,
2014,25,"528","LUP","Lupinus argenteus",0,175,108,-10,-10,0,FALSE,15,12,1,0,1,,,
2014,25,"529","LUP","Lupinus argenteus",0,185,100,-10,-10,0,FALSE,20,12,1,0,1,,,
2014,25,"530","LUP","Lupinus argenteus",0,195,103,0,-10,0,FALSE,18,12,3,0,1,,,
2014,27,"1936","Agoseris glauca","Agoseris glauca",0,190,73,-10,-10,0,FALSE,2,4,0,1,1,,,
2014,27,"2265","Ivesia gordonii","Ivesia gordonii",0,8,151,-15,0,0,FALSE,1,1,0,0,1,,,
2014,27,"531","ERIUMB","Eriogonum umbellatum",0,85,0,-30,0,0,FALSE,82,4,61,0,1,,,"mat"
2014,27,"532","fatgrass","Elymus lanceolatus",0,112,5,-10,0,0,FALSE,2,7,0,0,1,,,
2014,27,"533","ERIUMB","Eriogonum umbellatum",0,120,45,-10,-10,0,FALSE,19,3,3,0,1,,,"mat"
2014,27,"534","HETVIL","Heterotheca villosa",0,162,25,-10,-10,0,FALSE,8,2,0,0,1,,,
2014,27,"535","ERIUMB","Eriogonum umbellatum",0,190,65,-10,-10,0,FALSE,57,3,58,0,1,,,"mat"
2014,27,"536","ERIUMB","Eriogonum umbellatum",0,105,80,-10,-10,0,FALSE,21,2,4,0,1,,,"mat"
2014,27,"537","HETVIL","Heterotheca villosa",0,110,85,0,-10,0,FALSE,6,6,1,0,1,,,"has large dead root (not measured)"
2014,27,"538","ERIUMB","Eriogonum umbellatum",0,115,90,10,-10,0,FALSE,0.5,0.5,0,1,1,,,
2014,27,"539","purplepetiole","Agoseris glauca",0,95,140,-10,-10,0,FALSE,7,4,1,0,1,,,"Asteraceae - erect leaves, red purple petiole. Probably not tallsun. Long phyllaries"
2014,27,"540","lowsun","Heterotheca villosa",0,115,185,-10,-10,0,FALSE,16,8,1,0,1,,,
2014,27,"541","purplepetiole","Agoseris glauca",0,30,180,-10,-10,0,FALSE,6,12,0,0,1,,,
2014,27,"542","smallgrass","Achnatherum lettermanii",0,30,180,-10,-10,0,FALSE,3,5,0,0,1,,,
2014,27,"543","HETVIL","Heterotheca villosa",0,35,180,0,-10,0,FALSE,12,3,5,0,1,,,
2014,27,"544","IVEGOR","Ivesia gordonii",0,5,170,0,10,0,FALSE,10,4,1,0,1,,,
2014,27,"545","ERIUMB","Eriogonum umbellatum",0,10,162,10,-10,0,FALSE,8,1,0,0,1,,,
2014,27,"546","IVEGOR","Ivesia gordonii",0,5,152,10,-10,0,FALSE,3,1,0,0,1,,,
2014,27,"547","tallsun","Senecio crassulus",0,2,150,0,-10,0,FALSE,17,6,4,0,1,,,"serrated leaves"
2014,27,"548","ERIUMB","Eriogonum umbellatum",0,50,110,-10,-10,0,FALSE,80,3,83,0,1,,,"large mat"
2014,27,"549","HETVIL","Heterotheca villosa",0,65,105,0,-20,0,FALSE,60,6,9,0,1,,,"large mat"
2014,27,"550","fatgrass","Elymus lanceolatus",0,20,125,-10,-10,0,FALSE,14,11,1,0,1,,,
2014,27,"551","purplepetiole","Agoseris glauca",0,30,120,-10,-10,0,FALSE,6,5,0,0,1,,,
2014,27,"552","fatgrass","Elymus lanceolatus",0,55,85,-10,0,0,FALSE,4,11,0,0,1,,,
2014,27,"553","purplepetiole","Agoseris glauca",0,40,120,-10,-10,0,FALSE,3,6,0,0,1,,,
2014,27,"554","fatgrass","Elymus lanceolatus",0,50,120,-5,-5,0,FALSE,4,12,0,0,1,,,
2014,27,"555","fatgrass","Elymus lanceolatus",0,45,130,-10,-10,0,FALSE,12,11,0,0,1,,,"multistem"
2014,27,"556","IVEGOR","Ivesia gordonii",0,45,125,-10,-10,0,FALSE,0.5,1,0,1,1,,,
2014,27,"557","fatgrass","Elymus lanceolatus",0,60,125,-10,-10,0,FALSE,10,16,0,0,1,,,
2014,27,"558","fatgrass","Elymus lanceolatus",0,55,90,-10,10,0,FALSE,14,11,0,0,1,,,"multistem"
2014,27,"559","IVEGOR","Ivesia gordonii",0,50,95,-10,-10,0,FALSE,1,2,0,0,1,,,
2014,27,"560","IVEGOR","Ivesia gordonii",0,60,90,10,0,0,FALSE,3,2,0,0,1,,,
2014,27,"561","IVEGOR","Ivesia gordonii",0,59,93,10,0,0,FALSE,3,2,0,0,1,,,
2014,27,"562","IVEGOR","Ivesia gordonii",0,11,162,10,-10,0,FALSE,1,1,0,1,1,,,
2014,28,"1941","Agoseris glauca","Agoseris glauca",0,32,27,-10,-10,0,FALSE,4,8,0,1,1,,,
2014,28,"1944","Eriogonum umbellatum","Eriogonum umbellatum",0,162,101,-10,-10,0,FALSE,6,2,0,1,1,,,
2014,28,"1946","Heterotheca villosa","Heterotheca villosa",0,186,42,-10,-10,0,FALSE,5,4,1,1,1,,,
2014,28,"2176","Eriogonum umbellatum","Eriogonum umbellatum",0,180,105,-10,-10,0,FALSE,1.2,1,0,0,1,,,
2014,28,"2177","Chaenactis douglasii","Chaenactis douglasii",0,182,105,-10,-10,0,FALSE,1.3,1,0,0,1,,,
2014,28,"2251","Senecio crassulus","Senecio crassulus",0,18,23,-10,-10,0,FALSE,4,4,0,0,1,,,
2014,28,"2253","Elymus lanceolatus","Elymus lanceolatus",0,49,52,0,10,0,FALSE,13,13,0,0,1,,,
2014,28,"563","ERIUMB","Eriogonum umbellatum",0,35,40,-20,-30,0,FALSE,76,3,80,0,1,,,"large mat, includes two flower colors (might be two individuals)"
2014,28,"564","HETVIL","Heterotheca villosa",0,50,25,-20,-20,0,FALSE,50,13,22,0,1,,,"has died back to four clumps"
2014,28,"565","oppsun","Arnica latifolia",0,1,15,0,-10,0,FALSE,6,3,0,0,1,,,"Asteraceae with opposite leaves, that are curved around stem (no petiole). Small sun flowers with small phyllaries."
2014,28,"566","fatgrass","Elymus lanceolatus",0,37,20,0,-5,0,FALSE,4,9,0,0,1,,,
2014,28,"567","fatgrass","Elymus lanceolatus",0,45,30,10,-10,0,FALSE,10,16,1,0,1,,,
2014,28,"568","fatgrass","Elymus lanceolatus",0,28,30,-10,-10,0,FALSE,9,14,1,0,1,,,
2014,28,"569","fatgrass","Elymus lanceolatus",0,34.25,29.375,-10,-10,0,FALSE,4,7,0,0,1,,,
2014,28,"570","fatgrass","Elymus lanceolatus",0,45,45,0,10,0,FALSE,21,17,3,0,1,,,
2014,28,"571","IVEGOR","Ivesia gordonii",0,55,45,-10,-10,0,FALSE,4,3,0,0,1,,,
2014,28,"572","fatgrass","Elymus lanceolatus",0,15,38,0,-5,0,FALSE,8,13,0,0,1,,,
2014,28,"573","fatgrass","Elymus lanceolatus",0,20,45,10,-5,0,FALSE,13,19,2,0,1,,,
2014,28,"574","PSEMON","Pseudocymopterus montanus",0,15,54,-10,10,0,FALSE,9,5,7,0,1,,,
2014,28,"575","fatgrass","Elymus lanceolatus",0,10,50,-10,-10,0,FALSE,6,9,0,0,1,,,
2014,28,"576","fatgrass","Elymus lanceolatus",0,15,45,-10,-10,0,FALSE,10,17,1,0,1,,,
2014,28,"577","fatgrass","Elymus lanceolatus",0,25,65,5,5,0,FALSE,6,8,0,0,1,,,
2014,28,"578","IVEGOR","Ivesia gordonii",0,145,25,-10,-10,0,FALSE,2,2,0,0,1,,,
2014,28,"579","LUP","Lupinus argenteus",0,145,30,-10,-10,0,FALSE,13,8,0,0,1,,,
2014,28,"580","IVEGOR","Ivesia gordonii",0,155,60,-10,-10,0,FALSE,4,3,1,0,1,,,
2014,28,"581","ERIUMB","Eriogonum umbellatum",0,170,85,-10,-10,0,FALSE,7,2,0,0,1,,,
2014,28,"582","IVEGOR","Ivesia gordonii",0,160,95,-10,-10,0,FALSE,5,2,0,0,1,,,
2014,28,"583","IVEGOR","Ivesia gordonii",0,165,100,10,-10,0,FALSE,2,1,0,0,1,,,
2014,28,"584","IVEGOR","Ivesia gordonii",0,190,105,-10,-10,0,FALSE,4,2,0,0,1,,,
2014,28,"585","IVEGOR","Ivesia gordonii",0,170,105,-10,-10,0,FALSE,2,1,0,0,1,,,
2014,28,"586","IVEGOR","Ivesia gordonii",0,170,105,-10,-10,0,FALSE,11,3,0,0,1,,,
2014,28,"587","ERIUMB","Eriogonum umbellatum",0,170,110,-10,-10,0,FALSE,3,1,0,0,1,,,
2014,28,"588","white 5star","Arenaria congesta",0,185,115,-10,-10,0,FALSE,14,4,86,0,1,,,
2014,28,"589","ERIUMB","Eriogonum umbellatum",0,180,145,-10,-10,0,FALSE,32,3,12,0,1,,,
2014,28,"590","IVEGOR","Ivesia gordonii",0,180,130,-10,-10,0,FALSE,2,2,0,0,1,,,
2014,28,"591","IVEGOR","Ivesia gordonii",0,180,185,-10,-10,0,FALSE,16,5,8,0,1,,,
2014,28,"592","ERIUMB","Eriogonum umbellatum",0,145,130,-10,-10,0,FALSE,23,5,6,0,1,,,
2014,28,"593","IVEGOR","Ivesia gordonii",0,140,145,-10,-10,0,FALSE,9,6,2,0,1,,,
2014,28,"594","purplepetiole","Agoseris glauca",0,150,130,10,0,0,FALSE,8,6,0,0,1,,,
2014,28,"595","fatgrass","Elymus lanceolatus",0,150,128,10,0,0,FALSE,8,10,0,0,1,,,
2014,28,"596","fatgrass","Elymus lanceolatus",0,145,130,10,10,0,FALSE,10,14,1,0,1,,,
2014,28,"597","fatgrass","Elymus lanceolatus",0,135,140,-10,0,0,FALSE,2,5,0,0,1,,,
2014,28,"598","PHAHAS","Phacelia hastata",0,135,120,0,-10,0,FALSE,2,1,0,1,1,,,
2014,28,"599","HETVIL","Senecio crassulus",0,145,105,0,-10,0,FALSE,4,3,0,0,1,,,
2014,28,"600","IVEGOR","Ivesia gordonii",0,130,95,-10,-10,0,FALSE,18,6,9,0,1,,,
2014,28,"601","IVEGOR","Ivesia gordonii",0,128,100,-10,-10,0,FALSE,2,1,0,1,1,,,
2014,28,"602","IVEGOR","Ivesia gordonii",0,130,110,-10,10,0,FALSE,2,2,0,0,1,,,
2014,28,"603","ERIUMB","Eriogonum umbellatum",0,130,108,-10,10,0,FALSE,0.5,0.5,0,1,1,,,
2014,28,"604","IVEGOR","Ivesia gordonii",0,110,105,-10,-10,0,FALSE,10,5,7,0,1,,,
2014,28,"605","ERIUMB","Eriogonum umbellatum",0,125,145,-10,-10,0,FALSE,33,2,15,0,1,,,
2014,28,"606","IVEGOR","Ivesia gordonii",0,125,143,-10,-10,0,FALSE,4,4,0,0,1,,,
2014,28,"607","IVEGOR","Ivesia gordonii",0,115,130,-10,-10,0,FALSE,10,4,12,0,1,,,
2014,28,"608","PHAHAS","Phacelia hastata",0,120,133,-10,-10,0,FALSE,6,3,1,0,1,,,
2014,28,"609","ERIUMB","Eriogonum umbellatum",0,90,145,-10,-10,0,FALSE,4,2,0,0,1,,,
2014,28,"610","PHAHAS","Phacelia hastata",0,70,130,-10,-10,0,FALSE,22,5,13,0,1,,,"counting subheads of flowering stalks. Replaced 2014 count (67) with 67/5"
2014,28,"611","IVEGOR","Ivesia gordonii",0,80,85,-10,-10,0,FALSE,3,3,0,0,1,,,
2014,28,"612","IVEGOR","Ivesia gordonii",0,75,90,-10,-10,0,FALSE,9,4,0,0,1,,,
2014,29,"1955","Eriogonum umbellatum","Eriogonum umbellatum",0,50,185,-10,-10,0,FALSE,1.5,1.5,0,0,1,,,
2014,29,"1960","Eriogonum umbellatum","Eriogonum umbellatum",0,183,63,-10,-10,0,FALSE,2,1.5,0,0,1,,,
2014,29,"613","LUP","Lupinus argenteus",0,140,10,-10,0,0,FALSE,7,5,0,0,1,,,
2014,29,"614","LUP","Lupinus argenteus",0,139,5,-10,0,0,FALSE,2,1,0,1,1,,,
2014,29,"615","LUP","Lupinus argenteus",0,163,30,-10,-10,0,FALSE,2,2,0,0,1,,,
2014,29,"616","LUP","Lupinus argenteus",0,166,31,-10,-10,0,FALSE,0.5,0.5,0,0,1,,,
2014,29,"617","LUP","Lupinus argenteus",0,153,35,-10,-10,0,FALSE,4,3,0,0,1,,,
2014,29,"618","LUP","Lupinus argenteus",0,154,40,-10,-10,0,FALSE,7,4,0,0,1,,,
2014,29,"619","LUP","Lupinus argenteus",0,155,55,-10,-10,0,FALSE,8,5,0,0,1,,,
2014,29,"620","LUP","Lupinus argenteus",0,195,50,-10,-10,0,FALSE,29,14,3,0,1,,,
2014,29,"621","LUP","Lupinus argenteus",0,175,55,-10,-10,0,FALSE,8,4,0,0,1,,,
2014,29,"622","LUP","Lupinus argenteus",0,178,63,-10,-10,0,FALSE,6,4,0,0,1,,,
2014,29,"623","LUP","Lupinus argenteus",0,180,65,0,-5,0,FALSE,5,5,0,0,1,,,
2014,29,"624","LUP","Lupinus argenteus",0,185,70,0,-10,0,FALSE,12,7,0,0,1,,,
2014,29,"625","LUP","Lupinus argenteus",0,170,70,-10,-10,0,FALSE,6,4,0,0,1,,,
2014,29,"626","LUP","Lupinus argenteus",0,170,80,-10,0,0,FALSE,25,13,3,0,1,,,
2014,29,"627","LUP","Lupinus argenteus",0,180,80,10,10,0,FALSE,6,6,0,0,1,,,
2014,29,"628","fatgrass","Elymus lanceolatus",0,180,82,10,10,0,FALSE,4,7,0,0,1,,,
2014,29,"629","LUP","Elymus lanceolatus",0,180,84,10,10,0,FALSE,14,10,1,0,1,,,
2014,29,"630","LUP","Lupinus argenteus",0,182,75,-10,-10,0,FALSE,26,16,4,0,1,,,
2014,29,"631","fatgrass","Elymus lanceolatus",0,151.5,88,-10,-10,0,FALSE,20,20,3,0,1,,,
2014,29,"632","fatgrass","Elymus lanceolatus",0,153,88,-10,-10,0,FALSE,10,9,0,0,1,,,
2014,29,"633","LUP","Lupinus argenteus",0,170,105,-10,-10,0,FALSE,23,15,4,0,1,,,
2014,29,"634","LUP","Lupinus argenteus",0,140,105,-10,-10,0,FALSE,8,5,0,0,1,,,
2014,29,"635","LUP","Lupinus argenteus",0,115,110,-10,-10,0,FALSE,19,11,1,0,1,,,
2014,29,"636","LUP","Lupinus argenteus",0,110,115,-10,-10,0,FALSE,7,5,0,0,1,,,
2014,29,"637","LUP","Lupinus argenteus",0,130,120,-10,-10,0,FALSE,5,3,0,0,1,,,
2014,29,"638","LUP","Lupinus argenteus",0,134,122,-10,-10,0,FALSE,2,3,0,0,1,,,
2014,29,"639","LUP","Lupinus argenteus",0,140,122,-10,-10,0,FALSE,15,7,0,0,1,,,
2014,29,"640","LUP","Lupinus argenteus",0,170,150,-10,-10,0,FALSE,6,7,2,0,1,,,
2014,29,"641","LUP","Lupinus argenteus",0,165,150,-10,-10,0,FALSE,13,9,1,0,1,,,
2014,29,"642","LUP","Lupinus argenteus",0,140,180,-10,-10,0,FALSE,18,11,1,0,1,,,
2014,29,"643","LUP","Lupinus argenteus",0,150,170,-10,-10,0,FALSE,19,12,0,0,1,,,
2014,29,"644","LUP","Lupinus argenteus",0,155,195,-10,-10,0,FALSE,4,2,0,0,1,,,
2014,29,"645","LUP","Lupinus argenteus",0,115,190,-10,-10,0,FALSE,3,2,0,0,1,,,
2014,29,"646","IVEGOR","Ivesia gordonii",0,80,190,-10,-10,0,FALSE,6,6,0,0,1,,,
2014,29,"647","LUP","Lupinus argenteus",0,65,180,-10,-10,0,FALSE,23,11,1,0,1,,,
2014,29,"648","LUP","Lupinus argenteus",0,70,170,-10,-10,0,FALSE,8,7,0,0,1,,,
2014,29,"649","LUP","Lupinus argenteus",0,60,165,-10,-10,0,FALSE,4,3,0,0,1,,,
2014,29,"650","LUP","Lupinus argenteus",0,65,165,-10,-10,0,FALSE,4,3,0,0,1,,,
2014,29,"651","LUP","Lupinus argenteus",0,50,180,-10,-10,0,FALSE,29,17,3,0,1,,,
2014,29,"652","HETVIL","Heterotheca villosa",0,35,181,-5,-5,0,FALSE,0.5,0.5,0,1,1,,,"incorrectly IDed LUP in 2014"
2014,29,"653","LUP","Lupinus argenteus",0,40,175,-10,-10,0,FALSE,11,5,0,0,1,,,
2014,29,"654","CHADOU","Chaenactis douglasii",0,5,170,0,-10,0,FALSE,7,3,3,0,1,,,
2014,29,"655","ERIUMB","Eriogonum umbellatum",0,30,155,-10,-10,0,FALSE,46,4,46,0,1,,,"mat"
2014,29,"656","fatgrass","Elymus lanceolatus",0,20,165,-10,-10,0,FALSE,12,22,6,0,1,,,
2014,29,"657","fatgrass","Elymus lanceolatus",0,30,165,-10,-10,0,FALSE,8,10,0,0,1,,,
2014,29,"658","fatgrass","Elymus lanceolatus",0,15,175,-10,-10,0,FALSE,3,6,0,0,1,,,
2014,29,"659","fatgrass","Elymus lanceolatus",0,30,164,-10,-10,0,FALSE,5,10,0,0,1,,,
2014,29,"660","fatgrass","Elymus lanceolatus",0,31,172,-10,-10,0,FALSE,6,8,0,0,1,,,
2014,30,"661","fatgrass","Elymus lanceolatus",0,45,100,-10,-10,0,FALSE,13,22,9,0,1,,,
2014,31,"662","PHAHAS","Phacelia hastata",0,62,65,-10,-10,0,FALSE,10,4,3,0,1,,,
2014,31,"663","ERIUMB","Eriogonum umbellatum",0,130,20,-47,-10,0,FALSE,98,3,133,0,1,,,"largemat"
2014,31,"664","shortgrass","Achnatherum lettermanii",0,120,20,-10,-10,0,FALSE,9,19,0,0,1,,,
2014,31,"666","shortgrass","Elymus lanceolatus",0,121,10,-10,-10,0,FALSE,6,9,0,0,1,,,
2014,31,"667","fatgrass","Elymus lanceolatus",0,136,28,-10,-10,0,FALSE,2,12,0,0,1,,,
2014,31,"668","fatgrass","Elymus lanceolatus",0,132,37,0,10,0,FALSE,2,11,0,0,1,,,
2014,31,"669","fatgrass","Elymus lanceolatus",0,135,37,0,10,0,FALSE,2,11,1,0,1,,,
2014,31,"670","fatgrass","Elymus lanceolatus",0,138,36.5,0,10,0,FALSE,6,10,0,0,1,,,
2014,31,"671","fatgrass","Elymus lanceolatus",0,150,18,-10,-10,0,FALSE,6,13,1,0,1,,,
2014,31,"672","fatgrass","Elymus lanceolatus",0,155.875,20.0625,-10,-10,0,FALSE,7,17,1,0,1,,,
2014,31,"673","fatgrass","Elymus lanceolatus",0,156,10,-10,-10,0,FALSE,2,9,0,0,1,,,
2014,31,"674","fatgrass","Elymus lanceolatus",0,163,3,10,0,0,FALSE,3,16,1,0,1,,,
2014,31,"675","fatgrass","Elymus lanceolatus",0,156,25,0,10,0,FALSE,6,14,1,0,1,,,
2014,31,"676","fatgrass","Elymus lanceolatus",0,157,21,10,10,0,FALSE,7,17,1,0,1,,,
2014,31,"677","ERIUMB","Eriogonum umbellatum",0,70,188,-10,-10,0,FALSE,34,3,9,0,1,,,
2014,31,"678","shortgrass","Achnatherum lettermanii",0,60,190,-10,-10,0,FALSE,4,4,0,0,1,,,
2014,31,"679","shortgrass","Achnatherum lettermanii",0,40,160,-10,-10,0,FALSE,9,8,0,0,1,,,
2014,31,"680","ERIUMB","Eriogonum umbellatum",0,55,150,-10,-10,0,FALSE,30,4,2,0,1,,,"mat mostly dead; measuring the live parts spanning them"
2014,32,"681","LUP","Lupinus argenteus",0,23,28,-10,-10,0,FALSE,6,4,0,0,1,,,
2014,32,"682","IVEGOR","Ivesia gordonii",0,61,15,-10,-10,0,FALSE,8,5,4,0,1,,,
2014,32,"683","ERIUMB","Eriogonum umbellatum",0,95,0,-10,0,0,FALSE,33,2,14,0,1,,,
2014,32,"684","IVEGOR","Ivesia gordonii",0,85,18,-10,-10,0,FALSE,6,3,1,0,1,,,
2014,32,"685","IVEGOR","Ivesia gordonii",0,136,3,-10,0,0,FALSE,5,2,0,0,1,,,
2014,32,"686","ERIUMB","Eriogonum umbellatum",0,125,70,-10,-10,0,FALSE,28,3,21,0,1,,,
2014,32,"687","IVEGOR","Ivesia gordonii",0,175,85,-10,-10,0,FALSE,16,4,2,0,1,,,
2014,32,"688","IVEGOR","Ivesia gordonii",0,120,145,-10,-10,0,FALSE,10,4,0,0,1,,,
2014,32,"689","IVEGOR","Ivesia gordonii",0,110,165,-10,-10,0,FALSE,7,3,0,0,1,,,
2014,32,"690","IVEGOR","Ivesia gordonii",0,40,140,-10,-10,0,FALSE,6,3,0,0,1,,,
2014,32,"691","IVEGOR","Ivesia gordonii",0,25,75,-10,-10,0,FALSE,5,3,0,0,1,,,
2014,33,"1976","Heterotheca villosa","Heterotheca villosa",0,184,95,-10,-10,0,FALSE,2,2,0,0,1,,,
2014,33,"1977","Heterotheca villosa","Heterotheca villosa",0,179,99,-10,-10,0,FALSE,2.5,3,0,0,1,,,
2014,33,"2268","Chaenactis douglasii","Chaenactis douglasii",0,17,76,-10,-10,0,FALSE,2,1.5,0,0,1,,,
2014,33,"692","ERIUMB","Eriogonum umbellatum",0,28,50,-16,-25,0,FALSE,64,4,87,0,1,,,"mat"
2014,33,"693","purplepetiole","Agoseris glauca",0,5,40,-10,-10,0,FALSE,8,8,1,0,1,,,
2014,33,"694","IVEGOR","Ivesia gordonii",0,25,25,-10,-10,0,FALSE,2,2,0,0,1,,,
2014,33,"695","smallgrass","Achnatherum lettermanii",0,28,47,-10,-10,0,FALSE,9,13,0,0,1,,,
2014,33,"696","HETVIL","Heterotheca villosa",0,53,43,-10,-10,0,FALSE,9,6,0,0,1,,,
2014,33,"697","IVEGOR","Ivesia gordonii",0,58,20,-10,-10,0,FALSE,13,5,9,0,1,,,
2014,33,"698","IVEGOR","Ivesia gordonii",0,80,75,-10,-10,0,FALSE,10,5,3,0,1,,,
2014,33,"699","IVEGOR","Ivesia gordonii",0,103,30,-10,-10,0,FALSE,23,4,0,0,1,,,
2014,33,"700","IVEGOR","Ivesia gordonii",0,130,5,-10,0,0,FALSE,6,4,0,0,1,,,
2014,33,"701","ERIUMB","Eriogonum umbellatum",0,128,20,-10,-10,0,FALSE,3,3,0,0,1,,,"part of larger dead plant 702"
2014,33,"702","ERIUMB","Eriogonum umbellatum",0,132,5,10,0,0,FALSE,4,3,0,0,1,,,"part of larger dead plant 701"
2014,33,"703","IVEGOR","Ivesia gordonii",0,145,35,-10,-10,0,FALSE,13,4,2,0,1,,,
2014,33,"704","IVEGOR","Ivesia gordonii",0,140,45,-10,-10,0,FALSE,6,4,3,0,1,,,
2014,33,"705","IVEGOR","Ivesia gordonii",0,141.25,45,10,0,0,FALSE,5,2,1,0,1,,,
2014,33,"706","LUP","Lupinus argenteus",0,160,75,-10,-10,0,FALSE,5,6,0,0,1,,,
2014,33,"707","LUP","Lupinus argenteus",0,175,85,-10,-10,0,FALSE,13,9,0,0,1,,,
2014,33,"708","LUP","Lupinus argenteus",0,165,192,-10,-10,0,FALSE,9,5,0,0,1,,,
2014,33,"709","LUP","Lupinus argenteus",0,166,100,-10,-10,0,FALSE,9,5,0,0,1,,,
2014,33,"710","LUP","Lupinus argenteus",0,175,105,0,-10,0,FALSE,11,13,1,0,1,,,
2014,33,"711","LUP","Lupinus argenteus",0,170,100,0,10,0,FALSE,10,9,0,0,1,,,
2014,33,"712","LUP","Lupinus argenteus",0,175,100,-10,-10,0,FALSE,20,13,2,0,1,,,
2014,33,"713","IVEGOR","Ivesia gordonii",0,175,102,0,10,0,FALSE,8,3,1,0,1,,,
2014,33,"714","LUP","Lupinus argenteus",0,185,105,10,10,0,FALSE,26,15,1,0,1,,,
2014,33,"715","ERIUMB","Eriogonum umbellatum",0,180,95,-10,-10,0,FALSE,9,2,1,0,1,,,
2014,33,"716","ERIUMB","Eriogonum umbellatum",0,190,85,-5,-15,0,FALSE,40,3,19,0,1,,,"mat"
2014,33,"717","IVEGOR","Ivesia gordonii",0,200,90,-10,-10,0,FALSE,8,4,2,0,1,,,
2014,33,"718","IVEGOR","Ivesia gordonii",0,145,110,-10,-10,0,FALSE,11,2,1,0,1,,,
2014,33,"719","IVEGOR","Ivesia gordonii",0,120,100,-10,-10,0,FALSE,10,4,7,0,1,,,
2014,33,"720","IVEGOR","Ivesia gordonii",0,145,75,-10,-10,0,FALSE,0.5,0.5,0,1,1,,,
2014,33,"721","IVEGOR","Ivesia gordonii",0,125,120,-10,-10,0,FALSE,12,3,1,0,1,,,
2014,33,"722","IVEGOR","Ivesia gordonii",0,180,140,-10,-10,0,FALSE,9,4,1,0,1,,,
2014,33,"723","HETVIL","Heterotheca villosa",0,175,180,-10,-10,0,FALSE,46,10,68,0,1,,,"mat dying. flowers recounted by Jacob Heiling 18 Aug"
2014,33,"724","IVEGOR","Ivesia gordonii",0,125,198,-10,-10,0,FALSE,4,3,0,0,1,,,
2014,33,"725","IVEGOR","Ivesia gordonii",0,115,185,-10,-10,0,FALSE,7,2,0,0,1,,,
2014,33,"726","IVEGOR","Ivesia gordonii",0,120,165,-10,-10,0,FALSE,6,2,4,0,1,,,
2014,33,"727","purplepetiole","Agoseris glauca",0,130,155,-10,-10,0,FALSE,8,6,0,0,1,,,
2014,33,"728","fatgrass","Poa stenantha",0,128,155,-10,-10,0,FALSE,9,7,0,0,1,,,
2014,33,"729","fatgrass","Poa stenantha",0,128.5,153.75,-10,-10,0,FALSE,12,11,0,0,1,,,
2014,33,"730","fatgrass","Poa stenantha",0,115,150,-10,-10,0,FALSE,2,6,0,0,1,,,
2014,33,"731","HETVIL","Heterotheca villosa",0,123,140,-10,-10,0,FALSE,33,5,2,0,1,,,
2014,33,"732","ERIUMB","Eriogonum umbellatum",0,105,160,-30,-15,0,FALSE,65,4,48,0,1,,,
2014,33,"733","fatgrass","Poa stenantha",0,135,135,-10,-10,0,FALSE,5,11,0,0,1,,,
2014,33,"734","fatgrass","Poa stenantha",0,100,135,-10,-10,0,FALSE,4,7,0,0,1,,,
2014,33,"735","ERIUMB","Eriogonum umbellatum",0,90,180,-15,5,0,FALSE,60,3,19,0,1,,,"next to 732"
2014,33,"736","fatgrass","Elymus lanceolatus",0,90,185,0,-10,0,FALSE,4,8,0,0,1,,,
2014,33,"737","fatgrass","Elymus lanceolatus",0,95,197,10,0,0,FALSE,7,6,0,0,1,,,
2014,33,"738","ERIUMB","Eriogonum umbellatum",0,100,200,-10,-10,0,FALSE,1,1,0,1,1,,,
2014,33,"739","HETVIL","Heterotheca villosa",0,70,200,-10,-10,0,FALSE,25,8,18,0,1,,,
2014,33,"740","LUP","Lupinus argenteus",0,80,190,-10,-10,0,FALSE,24,17,14,0,1,,,
2014,33,"741","LUP","Lupinus argenteus",0,65,180,-10,-10,0,FALSE,17,11,2,0,1,,,
2014,33,"742","LUP","Lupinus argenteus",0,55,70,-10,-10,0,FALSE,17,12,0,0,1,,,
2014,33,"743","LUP","Lupinus argenteus",0,50,160,-10,-10,0,FALSE,2,2,0,0,1,,,
2014,33,"744","LUP","Lupinus argenteus",0,60,150,-10,-10,0,FALSE,11,8,0,0,1,,,
2014,33,"745","LUP","Lupinus argenteus",0,65,150,-10,-10,0,FALSE,12,12,1,0,1,,,
2014,33,"746","ERIUMB","Eriogonum umbellatum",0,35,185,-10,-10,0,FALSE,29,4,8,0,1,,,
2014,33,"747","ERIUMB","Eriogonum umbellatum",0,50,145,-45,-20,0,FALSE,62,4,12,0,1,,,
2014,33,"748","fatgrass","Achnatherum lettermanii",0,25,140,-10,-10,0,FALSE,17,27,8,0,1,,,
2014,33,"749","fatgrass","Elymus lanceolatus",0,30,150,-10,-10,0,FALSE,9,23,3,0,1,,,
2014,33,"750","fatgrass","Elymus lanceolatus",0,20,115,0,-10,0,FALSE,10,20,2,0,1,,,
2014,34,"751","ERIUMB","Eriogonum umbellatum",0,120,40,-10,-10,0,FALSE,35,3,48,0,1,,,
2014,34,"752","fatgrass","Elymus lanceolatus",0,105,45,-10,-10,0,FALSE,25,26,10,0,1,,,
2014,34,"753","ERIUMB","Eriogonum umbellatum",0,85,200,-10,-10,0,FALSE,3,1,0,0,1,,,
2014,34,"754","ERIUMB","Eriogonum umbellatum",0,85,180,-10,-10,0,FALSE,33,2,63,0,1,,,
2014,34,"755","fatgrass","Elymus lanceolatus",0,33,200,-10,-10,0,FALSE,9,10,0,0,1,,,"fixed 2014 location during 2015 census"
2014,34,"756","fatgrass","Elymus lanceolatus",0,30,195,-10,-10,0,FALSE,5,12,1,0,1,,,
2014,34,"757","fatgrass","Elymus lanceolatus",0,35,195,8,5,0,FALSE,4,6,0,0,1,,,
2014,34,"758","fatgrass","Elymus lanceolatus",0,40,200,0,-10,0,FALSE,5,8,0,0,1,,,
2014,34,"759","ERIUMB","Eriogonum umbellatum",0,10,175,0,-10,0,FALSE,38,3,16,0,1,,,
2014,34,"760","IVEGOR","Ivesia gordonii",0,5,115,0,-10,0,FALSE,30,5,1,0,1,,,
2014,35,"761","LUP","Lupinus argenteus",0,195,35,-10,-10,0,FALSE,10,5,0,0,1,,,
2014,36,"1650","ERIUMB","Eriogonum umbellatum",0,165,28,0,10,0,FALSE,3.5,2,4,0,1,,,"very small"
2014,36,"2002","Lupinus argenteus","Lupinus argenteus",0,178,128,-10,-10,0,FALSE,2.5,2.5,0,0,1,,,
2014,36,"2295","Ivesia gordonii","Ivesia gordonii",0,103,160,10,0,0,FALSE,3,3,0,0,1,,,
2014,36,"2396","fatgrass","Achnatherum lettermanii",0,110,155,-10,-10,0,FALSE,9,9,0,0,1,,,
2014,36,"762","IVEGOR","Ivesia gordonii",0,70,10,-10,-10,0,FALSE,3,2,0,0,1,,,
2014,36,"763","ERIUMB","Eriogonum umbellatum",0,82,12,-10,-10,0,FALSE,19,2,4,0,1,,,
2014,36,"764","tallsun","Senecio crassulus",0,85,20,-10,0,0,FALSE,12,9,0,0,1,,,"maybe purplepetiole"
2014,36,"765","tallsun","Senecio crassulus",0,85,25,-10,0,0,FALSE,10,9,0,0,1,,,
2014,36,"766","HETVIL","Heterotheca villosa",0,85,30,10,0,0,FALSE,11,5,0,0,1,,,
2014,36,"767","ERIUMB","Eriogonum umbellatum",0,85,30,10,0,0,FALSE,5,2,0,0,1,,,
2014,36,"768","fatgrass","Elymus lanceolatus",0,80,30,0,10,0,FALSE,5,4,0,0,1,,,
2014,36,"769","fatgrass","Elymus lanceolatus",0,82,31,-10,10,0,FALSE,3,6,0,0,1,,,
2014,36,"770","ERIUMB","Eriogonum umbellatum",0,150,20,-35,-15,0,FALSE,72,3,75,0,1,,,
2014,36,"771","shortgrass","Achnatherum lettermanii",0,160,20,-10,-10,0,FALSE,15,17,2,0,1,,,
2014,36,"772","LUP","Lupinus argenteus",0,160,40,-10,-10,0,FALSE,10,3,0,0,1,,,"mostly dead"
2014,36,"773","HETVIL","Heterotheca villosa",0,185,40,-10,-10,0,FALSE,15,6,9,0,1,,,
2014,36,"774","ERIUMB","Eriogonum umbellatum",0,185,35,-10,-10,0,FALSE,1,1,0,1,1,,,
2014,36,"775","LUP","Lupinus argenteus",0,185,115,-10,-10,0,FALSE,3,3,0,0,1,,,
2014,36,"776","IVEGOR","Ivesia gordonii",0,175,135,-10,-10,0,FALSE,7,2,3,0,1,,,
2014,36,"777","HETVIL","Heterotheca villosa",0,165,145,-10,-10,0,FALSE,5,2,0,0,1,,,
2014,36,"778","HETVIL","Heterotheca villosa",0,162,148,-10,-10,0,FALSE,3,1,0,0,1,,,
2014,36,"779","LUP","Lupinus argenteus",0,155,180,-10,-10,0,FALSE,1,1,0,1,1,,,
2014,36,"780","LUP","Lupinus argenteus",0,110,190,-10,-10,0,FALSE,9,6,0,0,1,,,
2014,36,"781","oppsun","Arnica latifolia",0,105,170,-10,-10,0,FALSE,10,13,1,0,1,,,"two stems"
2014,36,"782","fatgrass","Elymus lanceolatus",0,105,160,-10,-10,0,FALSE,5,24,1,0,1,,,
2014,36,"784","oppsun","Agoseris glauca",1,110,150,-10,-10,0,FALSE,8,4,0,0,1,,,"id tentative"
2014,36,"785","HETVIL","Heterotheca villosa",0,110,130,-10,-10,0,FALSE,5,3,0,0,1,,,
2014,36,"786","shortgrass","Achnatherum lettermanii",0,108,125,-10,-10,0,FALSE,7,4,0,0,1,,,
2014,36,"787","LUP","Lupinus argenteus",0,80,90,-10,-10,0,FALSE,4,3,0,0,1,,,
2014,36,"NEEDSTAG","Eriogonum umbellatum","Eriogonum umbellatum",0,105,155,-10,-10,0,FALSE,70,3.5,105,0,1,,,
2014,37,"2027","Senecio crassulus","Senecio crassulus",0,88,108,-10,-10,0,FALSE,2,3,0,0,1,,,
2014,37,"2028","Ivesia gordonii","Ivesia gordonii",0,76,103,-10,-10,0,FALSE,2,1,0,0,1,,,
2014,37,"2286","Eriogonum umbellatum","Eriogonum umbellatum",0,67,114,-10,-10,0,FALSE,1,1,0,0,1,,,
2014,37,"2288","Lupinus argenteus","Lupinus argenteus",0,119,150,-10,-10,0,FALSE,16,10,0,0,1,,,"2 stems"
2014,37,"2517","Lupinus argenteus","Lupinus argenteus",0,81,71.5,-5,-5,0,FALSE,3.5,3.5,0,0,1,,,"missed last year in 2018"
2014,37,"788","LUP","Lupinus argenteus",0,30,25,-10,-10,0,FALSE,12,6,0,0,1,,,
2014,37,"789","ERIUMB","Eriogonum umbellatum",1,58,10,-10,-10,0,FALSE,0.5,0.5,0,1,1,,,"id tentative very small"
2014,37,"790","IVEGOR","Ivesia gordonii",0,66,15,-10,-10,0,FALSE,2,1,0,0,1,,,
2014,37,"791","LUP","Lupinus argenteus",0,60,23,-10,-10,0,FALSE,2,2,0,0,1,,,
2014,37,"792","LUP","Lupinus argenteus",0,65,32,-10,-10,0,FALSE,9,5,0,0,1,,,
2014,37,"793","IVEGOR","Ivesia gordonii",0,80,45,-10,-10,0,FALSE,9,5,0,0,1,,,
2014,37,"794","LUP","Lupinus argenteus",0,75,48,-10,-10,0,FALSE,16,10,3,0,1,,,
2014,37,"795","LUP","Lupinus argenteus",0,55,60,-10,-10,0,FALSE,14,8,0,0,1,,,
2014,37,"796","LUP","Lupinus argenteus",0,48,70,-10,-10,0,FALSE,8,4,0,0,1,,,
2014,37,"797","LUP","Lupinus argenteus",0,65,75,-10,-10,0,FALSE,14,7,0,0,1,,,
2014,37,"798","IVEGOR","Ivesia gordonii",0,52,80,-10,-10,0,FALSE,14,4,12,0,1,,,
2014,37,"799","LUP","Lupinus argenteus",0,112,12,-10,-10,0,FALSE,15,5,0,0,1,,,
2014,37,"800","LUP","Lupinus argenteus",0,160,30,-10,-10,0,FALSE,22,12,1,0,1,,,
2014,37,"801","LUP","Lupinus argenteus",0,162,35,0,10,0,FALSE,9,6,0,0,1,,,
2014,37,"802","LUP","Lupinus argenteus",0,165,35,0,10,0,FALSE,19,11,0,0,1,,,
2014,37,"803","LUP","Lupinus argenteus",0,182,22,-10,-10,0,FALSE,11,8,0,0,1,,,
2014,37,"804","LUP","Lupinus argenteus",0,180,40,-10,-10,0,FALSE,17,13,2,0,1,,,
2014,37,"805","LUP","Heterotheca villosa",0,185,40,-10,-10,0,FALSE,12,9,1,0,1,,,
2014,37,"806","LUP","Lupinus argenteus",0,185,45,-10,-10,0,FALSE,14,8,0,0,1,,,
2014,37,"807","LUP","Lupinus argenteus",0,160,50,-10,-10,0,FALSE,11,7,0,0,1,,,
2014,37,"808","IVEGOR","Ivesia gordonii",0,150,175,-10,-10,0,FALSE,14,5,5,0,1,,,
2014,37,"809","IVEGOR","Ivesia gordonii",0,120,175,-10,-10,0,FALSE,7,5,0,0,1,,,
2014,37,"810","IVEGOR","Ivesia gordonii",0,115,180,-10,-10,0,FALSE,14,5,0,0,1,,,
2014,37,"811","LUP","Lupinus argenteus",0,95,175,-10,-10,0,FALSE,13,8,0,0,1,,,
2014,37,"812","LUP","Lupinus argenteus",0,10,200,0,-10,0,FALSE,17,9,1,0,1,,,
2014,37,"813","LUP","Lupinus argenteus",0,0,200,0,-10,0,FALSE,35,14,5,0,1,,,
2014,37,"814","IVEGOR","Ivesia gordonii",0,65,120,-10,-10,0,FALSE,15,4,0,0,1,,,
2014,37,"815","IVEGOR","Ivesia gordonii",0,90,125,-10,-10,0,FALSE,10,3,5,0,1,,,
2014,37,"816","ERIUMB","Eriogonum umbellatum",0,100,135,-10,-10,0,FALSE,17,2,0,0,1,,,
2014,37,"817","shortgrass","Achnatherum lettermanii",0,100,135,-10,-10,0,FALSE,10,7,0,0,1,,,
2014,37,"818","LUP","Heterotheca villosa",1,105,105,-10,-10,0,FALSE,0.5,0.5,0,1,1,,,"id tentative"
2014,37,"819","LUP","Lupinus argenteus",0,85,110,-10,-10,0,FALSE,17,10,0,0,1,,,
2014,37,"820","IVEGOR","Ivesia gordonii",0,90,110,-10,-10,0,FALSE,16,7,3,0,1,,,
2014,37,"821","LUP","Lupinus argenteus",0,73,100,-10,-10,0,FALSE,6,5,0,0,1,,,
2014,37,"822","IVEGOR","Ivesia gordonii",0,85,90,-10,-10,0,FALSE,10,3,0,0,1,,,
2014,37,"823","IVEGOR","Ivesia gordonii",0,100,110,-10,-10,0,FALSE,2,1,0,0,1,,,
2014,37,"824","IVEGOR","Ivesia gordonii",0,105,100,-10,-10,0,FALSE,11,4,3,0,1,,,
2014,38,"825","IVEGOR","Ivesia gordonii",0,135,120,-10,-10,0,FALSE,1,1,0,1,1,,,
2014,38,"826","IVEGOR","Ivesia gordonii",0,165,100,-5,-2,0,FALSE,0.5,0.5,0,0,1,,,
2014,39,"827","ERIUMB","Eriogonum umbellatum",0,50,70,-10,-10,0,FALSE,7,1,0,0,1,,,
2014,39,"828","LUP","Lupinus argenteus",0,165,170,-10,-10,0,FALSE,9,6,0,0,1,,,
2014,40,"829","LUP","Lupinus argenteus",0,50,15,-10,-10,0,FALSE,10,8,0,0,1,,,
2014,40,"830","LUP","Lupinus argenteus",0,50,18,-10,-10,0,FALSE,18,10,0,0,1,,,
2014,40,"831","LUP","Lupinus argenteus",0,50,22,-10,-10,0,FALSE,8,7,0,0,1,,,
2014,40,"832","LUP","Lupinus argenteus",0,50,25,-10,-10,0,FALSE,15,8,0,0,1,,,
2014,40,"833","fatgrass","Elymus lanceolatus",0,60,0,0,5,0,FALSE,2,16,1,0,1,,,
2014,40,"834","fatgrass","Elymus lanceolatus",0,62,0,0,5,0,FALSE,3,11,0,0,1,,,
2014,40,"835","ERIUMB","Eriogonum umbellatum",0,75,10,0,10,0,FALSE,16,3,0,0,1,,,
2014,40,"836","HETVIL","Heterotheca villosa",0,80,10,0,10,0,FALSE,6,3,0,0,1,,,
2014,40,"837","LUP","Lupinus argenteus",0,40,65,-10,-10,0,FALSE,12,7,0,0,1,,,
2014,41,"2054","Heterotheca villosa","Heterotheca villosa",0,174,165,-10,-10,0,FALSE,4,3,0,0,1,,,
2014,41,"2057","Arenaria congesta","Arenaria congesta",0,143,190,-10,-10,0,FALSE,3,3,0,0,1,,,
2014,41,"2400","HETVIL","Heterotheca villosa",0,180,180,-10,-10,0,FALSE,5,5,1,0,1,,,"y pos uncertain smudged notes"
2014,41,"838","IVEGOR","Ivesia gordonii",0,62,15,-10,-10,0,FALSE,10,4,6,0,1,,,
2014,41,"839","IVEGOR","Ivesia gordonii",0,85,70,-10,-10,0,FALSE,13,4,19,0,1,,,
2014,41,"840","LUP","Lupinus argenteus",0,140,110,-10,-10,0,FALSE,28,13,4,0,1,,,
2014,41,"841","LUP","Lupinus argenteus",0,150,120,-10,-10,0,FALSE,8,8,0,0,1,,,
2014,41,"842","LUP","Lupinus argenteus",0,155,125,-10,-10,0,FALSE,11,5,0,0,1,,,
2014,41,"843","LUP","Lupinus argenteus",0,160,135,-10,-10,0,FALSE,6,4,0,0,1,,,
2014,41,"844","LUP","Lupinus argenteus",0,155,145,-10,-10,0,FALSE,12,8,0,0,1,,,
2014,41,"845","LUP","Lupinus argenteus",0,150,150,-10,-10,0,FALSE,18,13,2,0,1,,,
2014,41,"846","LUP","Lupinus argenteus",0,120,160,-10,-10,0,FALSE,30,15,6,0,1,,,
2014,41,"847","LUP","Lupinus argenteus",0,110,165,-10,-10,0,FALSE,35,16,4,0,1,,,
2014,41,"848","ERIUMB","Eriogonum umbellatum",0,170,180,-10,-10,0,FALSE,82,3,73,0,1,,,"mat"
2014,41,"849","tallsun","Senecio crassulus",0,170,175,10,-10,0,FALSE,5,7,0,0,1,,,
2014,41,"851","purplepetiole","Agoseris glauca",0,185,190,-10,-10,0,FALSE,7,5,0,0,1,,,
2014,41,"852","shortgrass","Achnatherum lettermanii",0,195,185,-10,-10,0,FALSE,3,7,0,0,1,,,
2014,41,"853","shortgrass","Achnatherum lettermanii",0,190,190,-10,-10,0,FALSE,3,2,0,0,1,,,
2014,41,"854","oppsun","Arnica latifolia",0,155,180,-10,-10,0,FALSE,4,8,1,0,1,,,
2014,41,"855","oppsun","Arnica latifolia",0,150,200,-10,-10,0,FALSE,7,11,1,0,1,,,
2014,41,"856","shortgrass","Achnatherum lettermanii",0,150,200,10,0,0,FALSE,7,5,0,0,1,,,
2014,41,"857","oppsun","Arnica latifolia",1,145,190,-10,-10,0,FALSE,4,4,0,0,1,,,"id tentative"
2014,41,"858","LUP","Lupinus argenteus",0,5,183,0,-10,0,FALSE,8,4,0,0,1,,,
2014,41,"859","white 5star","Arenaria congesta",0,30,145,-10,-10,0,FALSE,5,3,0,0,1,,,
2014,41,"860","fatgrass","Elymus lanceolatus",0,5,115,-5,-5,0,FALSE,14,16,5,0,1,,,
2014,41,"861","tallsun","Heterotheca villosa",1,10,95,-10,-10,0,FALSE,1,1,0,1,1,,,"id tentative"
2014,41,"862","ERIUMB","Eriogonum umbellatum",0,0,85,-10,-10,0,FALSE,20,2,6,0,1,,,
2014,42,"863","ERIUMB","Eriogonum umbellatum",0,0,40,0,-10,0,FALSE,13,2,3,0,1,,,
2014,42,"864","LUP","Lupinus argenteus",0,12,48,-10,-10,0,FALSE,7,4,0,0,1,,,
2014,42,"865","ERIUMB","Eriogonum umbellatum",0,0,70,0,-10,0,FALSE,50,3,31,0,1,,,"large mat"
2014,42,"866","fatgrass","Elymus lanceolatus",0,10,55,-10,-10,0,FALSE,9,20,2,0,1,,,
2014,42,"867","LUP","Lupinus argenteus",0,135,175,-10,-10,0,FALSE,12,5,0,0,1,,,
2014,42,"868","LUP","Lupinus argenteus",0,180,170,-10,-10,0,FALSE,15,6,0,0,1,,,
2014,42,"869","LUP","Lupinus argenteus",0,20,190,-5,-5,0,FALSE,26,13,8,0,1,,,
2014,42,"870","LUP","Lupinus argenteus",0,15,200,-10,-10,0,FALSE,25,11,5,0,1,,,
2014,42,"871","LUP","Lupinus argenteus",0,10,180,-10,-10,0,FALSE,8,8,0,0,1,,,
2014,42,"872","LUP","Lupinus argenteus",0,0,165,0,-10,0,FALSE,38,9,8,0,1,,,
2014,45,"2075","Agoseris glauca","Agoseris glauca",0,78,58,-10,-10,0,FALSE,9,7,0,0,1,,,
2014,45,"873","HETVIL","Heterotheca villosa",0,1,2,0,-10,0,FALSE,18,6,6,0,1,,,
2014,45,"874","ERIUMB","Eriogonum umbellatum",0,75,50,-10,-10,0,FALSE,28,3,10,0,1,,,
2014,45,"875","HETVIL","Heterotheca villosa",0,90,70,-10,-10,0,FALSE,31,8,63,0,1,,,
2014,45,"876","IVEGOR","Ivesia gordonii",0,35,120,-10,-10,0,FALSE,6,2,0,0,1,,,
2014,46,"1000","purplepetiole","Agoseris glauca",0,170,155,-10,-10,0,FALSE,2,1,0,0,1,,,
2014,46,"1001","fatgrass","Elymus lanceolatus",0,165,165,0,-5,0,FALSE,6,7,0,0,1,,,
2014,46,"1002","fatgrass","Elymus lanceolatus",0,165,170,0,-5,0,FALSE,7,12,0,0,1,,,
2014,46,"1003","pointsedge","Carex siccata",0,170,165,-10,-10,0,FALSE,6,18,0,0,1,,,
2014,46,"1004","pointsedge","Carex siccata",0,165,170,-10,-10,0,FALSE,4,6,0,0,1,,,
2014,46,"1006","pointsedge","Carex siccata",0,180,170,0,0,0,FALSE,6,10,0,0,1,,,
2014,46,"1007","fatgrass","Elymus lanceolatus",0,180,180,-10,-10,0,FALSE,15,21,4,0,1,,,
2014,46,"1008","pointsedge","Carex siccata",0,185,185,0,2,0,FALSE,13,20,2,0,1,,,
2014,46,"1009","pointsedge","Carex siccata",0,175,185,-15,-11,0,FALSE,8,14,0,0,1,,,
2014,46,"1010","pointsedge","Carex siccata",0,160,180,-10,-10,0,FALSE,12,14,1,0,1,,,"3 stems"
2014,46,"1011","pointsedge","Carex siccata",0,150,185,0,-5,0,FALSE,16,11,0,0,1,,,
2014,46,"1012","IVEGOR","Ivesia gordonii",0,155,190,-10,-10,0,FALSE,5,4,0,0,1,,,
2014,46,"1014","ERIUMB","Eriogonum umbellatum",0,110,185,-10,-10,0,FALSE,10,1,0,0,1,,,
2014,46,"1015","ERIUMB","Eriogonum umbellatum",0,80,175,-10,-10,0,FALSE,3,1,0,0,1,,,
2014,46,"1017","HETVIL","Heterotheca villosa",0,120,145,-2,-10,0,FALSE,40,7,23,0,1,,,
2014,46,"1018","ERIUMB","Eriogonum umbellatum",0,130,135,-10,-2,0,FALSE,0.5,0.5,0,0,1,,,
2014,46,"1019","ERIUMB","Eriogonum umbellatum",0,135,150,-10,-10,0,FALSE,2,1,0,0,1,,,
2014,46,"1020","pointsedge","Carex siccata",0,30,118,-10,-10,0,FALSE,14,11,0,0,1,,,
2014,46,"1021","pointsedge","Carex siccata",0,35,120,-10,-10,0,FALSE,11,12,0,0,1,,,
2014,46,"1022","pointsedge","Carex siccata",0,40,122,-1,1,0,FALSE,17,12,0,0,1,,,
2014,46,"1702","AGOGLA","Agoseris glauca",0,198,14,-10,-10,0,FALSE,2,4.5,0,0,1,,,
2014,46,"1703","AGOGLA","Agoseris glauca",0,192,33,-10,-10,0,FALSE,2,6,0,0,1,,,
2014,46,"1712","ERIUMB","Eriogonum umbellatum",0,84,109,-10,-10,0,FALSE,2.5,0.5,0,0,1,,,
2014,46,"1715","SENCRA","Senecio crassulus",0,137,115,-10,-10,0,FALSE,19,12,0,0,1,,,
2014,46,"1722","ERIUMB","Eriogonum umbellatum",0,163,122,0,-10,0,FALSE,2.5,0.8,0,0,1,,,
2014,46,"1723","HETVIL","Heterotheca villosa",0,155,132,-10,-10,0,FALSE,1,1.5,0,0,1,,,
2014,46,"1736","AGOGLA","Agoseris glauca",0,181,149,-5,-5,0,FALSE,6,2,0,0,1,,,
2014,46,"2091","Arenaria congesta","Arenaria congesta",0,62,75,-10,-10,0,FALSE,1.2,2,0,0,1,,,
2014,46,"2095","Senecio crassulus","Senecio crassulus",0,16,50,-10,-10,0,FALSE,3,2,0,0,1,,,
2014,46,"2106","Senecio crassulus","Senecio crassulus",0,16,27,-10,-10,0,FALSE,0.5,1.5,0,0,1,,,
2014,46,"2112","Penstemon whippleanus","Penstemon whippleanus",0,79,26,-10,-10,0,FALSE,4,3,0,0,1,,,
2014,46,"2129","Ivesia gordonii","Ivesia gordonii",0,158,16,0,10,0,FALSE,1,1,0,0,1,,,
2014,46,"2133","Carex siccata","Carex siccata",0,190,40,-10,-10,0,FALSE,19,20,0,0,1,,,
2014,46,"2165","Arenaria congesta","Arenaria congesta",0,148,130,-10,-10,0,FALSE,1.3,3,0,0,1,,,
2014,46,"2308","Senecio crassulus","Senecio crassulus",0,86,18,-10,-10,0,FALSE,12.5,9,0,0,1,,,
2014,46,"2315","Carex siccata","Carex siccata",0,94,61,-10,-10,0,FALSE,80,18,0,0,1,,,"long vertical cluster"
2014,46,"2316","Eriogonum umbellatum","Eriogonum umbellatum",0,120,48,-10,-10,0,FALSE,17,2,0,0,1,,,
2014,46,"2324","Agoseris glauca","Agoseris glauca",0,196,16,-10,-10,0,FALSE,3,3,0,0,1,,,
2014,46,"2346","Senecio crassulus","Senecio crassulus",0,153,163,-10,-10,0,FALSE,6,8,0,0,1,,,
2014,46,"2347","Senecio crassulus","Senecio crassulus",0,159,165,-10,-10,0,FALSE,10,12,3,0,1,,,
2014,46,"2350","Ivesia gordonii","Ivesia gordonii",0,114,157,-10,-10,0,FALSE,2,2.5,0,0,1,,,
2014,46,"2351","Eriogonum umbellatum","Eriogonum umbellatum",0,112,129,-10,-10,0,FALSE,1.5,2.5,0,0,1,,,
2014,46,"2352","Senecio crassulus","Senecio crassulus",0,101,132,-10,-10,0,FALSE,2.5,3.5,0,0,1,,,
2014,46,"2404","pointsedge","Carex siccata",0,193,30,10,0,0,FALSE,9,11,1,0,1,,,
2014,46,"2407","pointsedge","Carex siccata",0,130,170,-10,-10,0,FALSE,13,14,0,0,1,,,
2014,46,"2408","pointsedge","Carex siccata",0,163,175,-10,-10,0,FALSE,10,10,0,0,1,,,
2014,46,"2410","ERIUMB","Eriogonum umbellatum",0,120,155,-10,-10,0,FALSE,35,2,7,0,1,,,
2014,46,"2471","Elymus lanceolatus","Elymus lanceolatus",0,80,100,-5,-5,0,FALSE,13,19.5,2,0,1,,,"big adult, prob prev year mistake. information check data"
2014,46,"877","ERIUMB","Eriogonum umbellatum",0,5,18,0,-10,0,FALSE,41,2,10,0,1,,,
2014,46,"878","pointsedge","Carex siccata",0,18,12,0,-5,0,FALSE,8,13,1,0,1,,,"yellowish leaves, v shaped cross section, sedge?"
2014,46,"879","white 5star","Arenaria congesta",0,22,13,-10,-10,0,FALSE,2,2,0,0,1,,,
2014,46,"880","HETVIL","Heterotheca villosa",1,25,15,2,-6,0,FALSE,0.5,0.5,0,1,1,,,"id tentative"
2014,46,"882","HETVIL","Heterotheca villosa",0,35,23,-3,-5,0,FALSE,0.5,0.5,0,1,1,,,
2014,46,"883","HETVIL","Heterotheca villosa",0,36,5,10,0,0,FALSE,4,1,0,0,1,,,
2014,46,"884","LUP","Lupinus argenteus",0,37,10,10,0,0,FALSE,7,3,0,0,1,,,
2014,46,"885","white 5star","Arenaria congesta",0,40,12,-5,5,0,FALSE,1,1,0,0,1,,,
2014,46,"886","LUP","Senecio crassulus",1,53,10,0,-5,0,FALSE,0.5,0.5,0,1,1,,,"id tentative"
2014,46,"887","LUP","Eriogonum umbellatum",0,56,11,0,-5,0,FALSE,0.5,0.5,0,1,1,,,
2014,46,"888","ERIUMB","Eriogonum umbellatum",0,50,20,1,-5,0,FALSE,0.5,0.5,0,1,1,,,
2014,46,"889","LUP","Heterotheca villosa",1,55,24,0,-5,0,FALSE,0.5,0.5,0,1,1,,,"id tentative"
2014,46,"890","LUP","Lupinus argenteus",0,48,25,-5,-5,0,FALSE,13,5,0,0,1,,,
2014,46,"891","HETVIL","Heterotheca villosa",0,43,32,-5,-5,0,FALSE,1,0.5,0,1,1,,,
2014,46,"892","pointsedge","Carex siccata",0,28,27,17,3,0,FALSE,6,16,0,0,1,,,
2014,46,"893","HETVIL","Heterotheca villosa",0,30,35,-10,-10,0,FALSE,36,5,16,0,1,,,"mat"
2014,46,"894","purplepetiole","Agoseris glauca",0,33,42,-10,10,0,FALSE,9,6,1,0,1,,,
2014,46,"895","pointsedge","Carex siccata",0,24,45,-10,-10,0,FALSE,10,9,0,0,1,,,
2014,46,"896","LUP","Lupinus argenteus",0,66,5,0,-10,0,FALSE,27,7,0,0,1,,,
2014,46,"897","ERIUMB","Eriogonum umbellatum",0,65,5,0,-10,0,FALSE,0.5,0.5,0,1,1,,,
2014,46,"898","ERIUMB","Eriogonum umbellatum",0,62,18,10,0,0,FALSE,21,2,3,0,1,,,
2014,46,"899","LUP","Lupinus argenteus",0,62,30,-10,-10,0,FALSE,11,5,0,0,1,,,
2014,46,"900","LUP","Lupinus argenteus",0,65,40,-10,-10,0,FALSE,3,4,0,0,1,,,
2014,46,"901","LUP","Lupinus argenteus",0,65,51,-10,-10,0,FALSE,13,7,0,0,1,,,
2014,46,"902","LUP","Lupinus argenteus",0,70,52,-10,-10,0,FALSE,14,8,0,0,1,,,
2014,46,"903","LUP","Lupinus argenteus",0,80,55,-10,-10,0,FALSE,25,11,5,0,1,,,
2014,46,"904","LUP","Lupinus argenteus",0,75,40,-10,-10,0,FALSE,25,9,4,0,1,,,
2014,46,"905","LUP","Lupinus argenteus",1,87,40,-10,-10,0,FALSE,0.5,0.5,0,1,1,,,"id tentative"
2014,46,"906","HETVIL","Heterotheca villosa",0,86,35,-10,-10,0,FALSE,0.5,0.5,0,1,1,,,
2014,46,"907","LUP","Lupinus argenteus",0,81,15,-10,-10,0,FALSE,10,6,0,0,1,,,
2014,46,"908","LUP","Lupinus argenteus",0,82,13,-10,-10,0,FALSE,0.5,0.5,0,1,1,,,
2014,46,"909","LUP","Lupinus argenteus",0,83,13,-10,-10,0,FALSE,0.5,0.5,0,1,1,,,
2014,46,"910","ERIUMB","Lupinus argenteus",0,92,1,0,5,0,FALSE,10,2,0,0,1,,,
2014,46,"911","LUP","Lupinus argenteus",0,93,24,-10,-10,0,FALSE,25,10,2,0,1,,,
2014,46,"912","ERIUMB","Senecio crassulus",1,95,27,-10,-10,0,FALSE,1,1,0,1,1,,,"id tentative"
2014,46,"913","spade","Viola praemorsa",0,107,21,-10,-10,0,FALSE,11,5,2,0,1,,,"soft green leaves, seed pods triangular symmetry w six sepals, spatulate leaves, transparent 2 veins"
2014,46,"914","ERIUMB","Eriogonum umbellatum",0,110,75,-13,-25,0,FALSE,75,8,55,0,1,,,"large mat in several parts"
2014,46,"915","HETVIL","Heterotheca villosa",0,108,40,-10,-10,0,FALSE,2,2,0,0,1,,,
2014,46,"916","HETVIL","Heterotheca villosa",0,85,60,-2,-2,0,FALSE,0.5,0.5,0,1,1,,,
2014,46,"917","LUP","Lupinus argenteus",0,85,70,-10,-10,0,FALSE,28,8,1,0,1,,,
2014,46,"918","IVEGOR","Ivesia gordonii",0,107,40,-10,-10,0,FALSE,13,4,3,0,1,,,
2014,46,"919","HETVIL","Heterotheca villosa",0,96,40,-5,-10,0,FALSE,1,1,0,1,1,,,
2014,46,"920","LUP","Phacelia hastata",0,117,36,-10,-10,0,FALSE,0.5,0.5,0,1,1,,,
2014,46,"921","HETVIL","Heterotheca villosa",0,110,60,-10,-10,0,FALSE,1,2,0,0,1,,,
2014,46,"922","purplepetiole","Agoseris glauca",0,107,75,-10,-10,0,FALSE,6,5,1,0,1,,,
2014,46,"923","pointsedge","Carex siccata",0,115,65,10,0,0,FALSE,6,13,0,0,1,,,
2014,46,"924","pointsedge","Carex siccata",0,118,65,10,-10,0,FALSE,4,12,0,0,1,,,
2014,46,"925","purplepetiole","Agoseris glauca",0,120,65,0,-10,0,FALSE,11,8,2,0,1,,,
2014,46,"926","pointsedge","Carex siccata",0,123,66,0,-2,0,FALSE,5,13,0,0,1,,,
2014,46,"927","HETVIL","Heterotheca villosa",0,125,62,10,0,0,FALSE,0.5,0.5,0,1,1,,,
2014,46,"928","purplepetiole","Agoseris glauca",0,130,65,10,0,0,FALSE,2,4,0,0,1,,,
2014,46,"929","pointsedge","Carex siccata",0,110,85,0,-5,0,FALSE,9,17,0,0,1,,,
2014,46,"930","SENCRA","Senecio crassulus",1,105,84,-10,0,0,FALSE,0.5,0.5,0,1,1,,,"id of HETVIL 2014 replaced SENCRA 2015"
2014,46,"931","HETVIL","Heterotheca villosa",1,115,87,10,0,0,FALSE,0.5,0.5,0,1,1,,,"id tentative"
2014,46,"932","purplepetiole","Agoseris glauca",0,103,90,-10,-10,0,FALSE,4,6,0,0,1,,,
2014,46,"933","HETVIL","Heterotheca villosa",0,100,105,-10,-10,0,FALSE,32,5,17,0,1,,,"mat"
2014,46,"934","pointsedge","Carex siccata",0,100,105,-10,-10,0,FALSE,4,8,0,0,1,,,
2014,46,"935","purplepetiole","Agoseris glauca",0,120,95,10,0,0,FALSE,7,7,1,0,1,,,
2014,46,"936","ERIUMB","Eriogonum umbellatum",0,145,45,-20,-10,0,FALSE,46,3,4,0,1,,,"large mat"
2014,46,"937","HETVIL","Heterotheca villosa",0,138,35,-10,-10,0,FALSE,4,1,0,0,1,,,
2014,46,"938","LUP","Lupinus argenteus",0,133,25,-10,-10,0,FALSE,22,10,1,0,1,,,
2014,46,"939","ERIUMB","Eriogonum umbellatum",0,138,15,-10,-10,0,FALSE,2,1,0,0,1,,,
2014,46,"940","LUP","Lupinus argenteus",0,132,10,-10,-10,0,FALSE,13,8,0,0,1,,,
2014,46,"941","IVEGOR","Ivesia gordonii",0,150,25,-10,-10,0,FALSE,11,6,5,0,1,,,
2014,46,"942","fatgrass","Elymus lanceolatus",0,152,40,-10,-10,0,FALSE,12,9,1,0,1,,,
2014,46,"943","HETVIL","Heterotheca villosa",0,155,50,-10,-10,0,FALSE,34,4,11,0,1,,,"mat"
2014,46,"944","ERIUMB","Eriogonum umbellatum",0,158,0,-5,0,0,FALSE,3,1,0,0,1,,,
2014,46,"945","HETVIL","Heterotheca villosa",0,165,13,-10,-10,0,FALSE,16,4,8,0,1,,,
2014,46,"946","ERIUMB","Eriogonum umbellatum",0,160,11,-5,-2,0,FALSE,3,1,0,0,1,,,
2014,46,"947","pointsedge","Carex siccata",0,167,55,-15,-10,0,FALSE,12,22,2,0,1,,,
2014,46,"948","pointsedge","Carex siccata",0,170,50,-10,-10,0,FALSE,6,7,0,0,1,,,
2014,46,"949","HETVIL","Heterotheca villosa",1,170,40,-10,-10,0,FALSE,0.5,0.5,0,1,1,,,"id tentative"
2014,46,"950","pointsedge","Carex siccata",0,172,45,0,-5,0,FALSE,7,2,0,0,1,,,
2014,46,"951","pointsedge","Carex siccata",0,178,32,-13,-14,0,FALSE,15,25,0,0,1,,,
2014,46,"952","ERIUMB","Eriogonum umbellatum",0,173,26,-10,-10,0,FALSE,4,0.5,0,0,1,,,"3 stems - resprout?"
2014,46,"953","pointsedge","Carex siccata",0,183,5,-10,-10,0,FALSE,19,24,2,0,1,,,
2014,46,"954","fatgrass","Elymus lanceolatus",0,190,5,-10,-10,0,FALSE,7,17,7,0,1,,,
2014,46,"955","pointsedge","Carex siccata",0,195,2,-10,-10,0,FALSE,12,19,0,0,1,,,
2014,46,"956","pointsedge","Carex siccata",0,188,17,-10,-10,0,FALSE,7,16,2,0,1,,,
2014,46,"957","fatgrass","Elymus lanceolatus",0,190,15,-10,-10,0,FALSE,13,22,5,0,1,,,
2014,46,"958","HETVIL","Heterotheca villosa",1,185,30,-10,-10,0,FALSE,0.5,0.5,0,1,1,,,"id uncertain"
2014,46,"959","HETVIL","Heterotheca villosa",0,190,30,-10,-10,0,FALSE,10,5,0,0,1,,,
2014,46,"960","pointsedge","Carex siccata",0,197,22,10,0,0,FALSE,9,18,2,0,1,,,
2014,46,"962","ERIUMB","Eriogonum umbellatum",0,200,60,-15,-20,0,FALSE,70,2,50,0,1,,,"mat - mostly to right of plot; consider removing from dataset"
2014,46,"963","PHAHAS","Phacelia hastata",0,193,35,-10,-10,0,FALSE,4,2,0,0,1,,,
2014,46,"964","HETVIL","Heterotheca villosa",0,195,38,10,0,0,FALSE,2,2,0,0,1,,,
2014,46,"965","pointsedge","Carex siccata",0,190,115,0,-7,0,FALSE,12,18,3,0,1,,,
2014,46,"966","HETVIL","Heterotheca villosa",0,145,100,-10,-10,0,FALSE,1,2,0,1,1,,,
2014,46,"967","ERIUMB","Eriogonum umbellatum",0,150,103,-10,-10,0,FALSE,0.5,0.5,0,1,1,,,
2014,46,"968","LUP","Eriogonum umbellatum",1,140,110,-10,-10,0,FALSE,0.5,0.5,0,1,1,,,"id tentative"
2014,46,"969","ERIUMB","Eriogonum umbellatum",0,138,112,-10,-10,0,FALSE,0.5,0.5,0,1,1,,,
2014,46,"970","spade","Viola praemorsa",0,140,115,-10,-10,0,FALSE,10,8,0,0,1,,,
2014,46,"971","ERIUMB","Eriogonum umbellatum",0,155,110,-10,-10,0,FALSE,0.5,0.5,0,0,1,,,
2014,46,"972","IVEGOR","Ivesia gordonii",0,160,115,0,-10,0,FALSE,1,0.5,0,1,1,,,
2014,46,"973","pointsedge","Carex siccata",0,135,125,-10,-10,0,FALSE,16,15,0,0,1,,,
2014,46,"974","HETVIL","Heterotheca villosa",0,165,130,-10,-10,0,FALSE,37,5,34,0,1,,,"mat"
2014,46,"975","HETVIL","Heterotheca villosa",0,165,120,5,-10,0,FALSE,1,0.5,0,1,1,,,
2014,46,"976","pointsedge","Carex siccata",0,130,130,-10,-10,0,FALSE,6,10,0,0,1,,,
2014,46,"977","pointsedge","Carex siccata",0,135,132,-10,-10,0,FALSE,6,13,0,0,1,,,
2014,46,"978","ERIUMB","Eriogonum umbellatum",0,145,120,10,0,0,FALSE,0.5,1,0,0,1,,,
2014,46,"979","HETVIL","Heterotheca villosa",0,175,130,-10,-10,0,FALSE,13,4,4,0,1,,,
2014,46,"980","ERIUMB","Eriogonum umbellatum",0,190,125,-10,-10,0,FALSE,0.5,0.5,0,0,1,,,
2014,46,"981","white 5star","Arenaria congesta",0,200,126,-10,-10,0,FALSE,1,1,0,1,1,,,
2014,46,"982","IVEGOR","Ivesia gordonii",0,200,135,-10,-10,0,FALSE,1,1,0,1,1,,,
2014,46,"983","pointsedge","Carex siccata",0,195,150,-10,0,0,FALSE,7,11,0,0,1,,,
2014,46,"984","pointsedge","Carex siccata",0,200,150,-10,-10,0,FALSE,10,7,0,0,1,,,
2014,46,"985","HETVIL","Heterotheca villosa",0,185,145,-10,-10,0,FALSE,9,3,0,0,1,,,
2014,46,"986","tallsun","Senecio crassulus",0,180,140,-10,-10,0,FALSE,6,14,2,0,1,,,
2014,46,"987","HETVIL","Heterotheca villosa",0,180,141,-5,0,0,FALSE,4,3,0,0,1,,,
2014,46,"988","purplepetiole","Agoseris glauca",0,180.5,145.5,-5,0,0,FALSE,6,5,0,0,1,,,"3 stems"
2014,46,"989","HETVIL","Heterotheca villosa",0,175,130,-10,-10,0,FALSE,3,1,0,0,1,,,
2014,46,"990","white 5star","Achnatherum lettermanii",0,175,132,-10,-10,0,FALSE,2,2,0,0,1,,,
2014,46,"991","ERIUMB","Eriogonum umbellatum",0,155,145,-10,-10,0,FALSE,12,2,7,0,1,,,
2014,46,"992","ERIUMB","Eriogonum umbellatum",0,175,160,-10,-10,0,FALSE,70,3,54,0,1,,,"large mat"
2014,46,"993","purplepetiole","Agoseris glauca",0,190,165,-10,-10,0,FALSE,10,7,2,0,1,,,
2014,46,"994","IVEGOR","Ivesia gordonii",0,180,170,-10,-10,0,FALSE,2,2,0,0,1,,,
2014,46,"995","spade","Senecio crassulus",0,190,175,-10,-10,0,FALSE,8,9,0,0,1,,,
2014,46,"996","HETVIL","Heterotheca villosa",0,165,160,-10,-10,0,FALSE,4,3,0,0,1,,,
2014,46,"997","HETVIL","Heterotheca villosa",0,155,160,-10,-10,0,FALSE,12,6,1,0,1,,,
2014,46,"998","tallsun","Senecio crassulus",0,155,170,-10,-10,0,FALSE,6,14,3,0,1,,,
2014,46,"999","fatgrass","Elymus lanceolatus",0,160,155,-10,-10,0,FALSE,12,26,1,0,1,,,
2014,47,"1023","LUP","Lupinus argenteus",0,95,55,-10,-10,0,FALSE,4,2,0,0,1,,,
2014,49,"1024","LUP","Lupinus argenteus",0,35,108,-10,-10,0,FALSE,9,5,0,0,1,,,
2014,49,"1025","LUP","Lupinus argenteus",0,45,90,-10,-10,0,FALSE,11,11,1,0,1,,,
2014,49,"1026","LUP","Lupinus argenteus",0,50,95,-10,-10,0,FALSE,9,7,0,0,1,,,
2014,49,"1027","LUP","Lupinus argenteus",0,80,85,-10,-10,0,FALSE,11,5,0,0,1,,,
2014,49,"1028","LUP","Lupinus argenteus",0,95,5,-10,-10,0,FALSE,2,2,0,0,1,,,
2014,49,"1029","LUP","Lupinus argenteus",0,0,108,0,10,0,FALSE,14,6,0,0,1,,,
2014,49,"1030","LUP","Lupinus argenteus",0,160,35,-10,-10,0,FALSE,15,5,0,0,1,,,
2014,49,"1031","ERIUMB","Eriogonum umbellatum",0,75,165,-10,-10,0,FALSE,36,2,29,0,1,,,"mat"
2014,49,"1032","HETVIL","Heterotheca villosa",0,55,195,-10,-10,0,FALSE,28,8,15,0,1,,,"mat"
2014,49,"2361","Elymus lanceolatus","Elymus lanceolatus",0,189,87,-10,-10,0,FALSE,2.5,2,0,0,1,,,
2014,50,"1033","IVEGOR","Ivesia gordonii",0,5,5,0,-10,0,FALSE,16,5,0,0,1,,,
2014,50,"1034","IVEGOR","Ivesia gordonii",0,10,15,10,0,0,FALSE,12,3,0,0,1,,,
2014,50,"1035","ERIUMB","Eriogonum umbellatum",0,15,5,-10,-10,0,FALSE,7,1,0,0,1,,,
2014,50,"1036","HETVIL","Heterotheca villosa",0,21,2,0,10,0,FALSE,6,5,1,0,1,,,
2014,50,"1037","IVEGOR","Ivesia gordonii",0,23,1,0,10,0,FALSE,7,3,0,0,1,,,
2014,50,"1038","IVEGOR","Ivesia gordonii",0,27,3,0,10,0,FALSE,3,3,0,0,1,,,
2014,50,"1039","IVEGOR","Ivesia gordonii",0,52,15,-10,-10,0,FALSE,20,4,0,0,1,,,
2014,50,"1040","HETVIL","Heterotheca villosa",0,57,8,-10,-10,0,FALSE,1,1,0,0,1,,,
2014,50,"1041","IVEGOR","Ivesia gordonii",0,60,25,0,-10,0,FALSE,10,4,1,0,1,,,
2014,50,"1042","ERIUMB","Eriogonum umbellatum",0,50,50,-10,-10,0,FALSE,15,2,1,0,1,,,"mat"
2014,50,"1043","IVEGOR","Ivesia gordonii",0,98,5,0,10,0,FALSE,12,3,1,0,1,,,
2014,50,"1044","IVEGOR","Ivesia gordonii",0,100,8,0,10,0,FALSE,6,2,0,0,1,,,
2014,50,"1045","IVEGOR","Ivesia gordonii",0,110,5,0,10,0,FALSE,12,5,0,0,1,,,
2014,50,"1046","HETVIL","Heterotheca villosa",0,165,40,-10,-10,0,FALSE,10,4,2,0,1,,,
2014,50,"1047","ERIUMB","Eriogonum umbellatum",0,160,55,-18,-10,0,FALSE,37,2,3,0,1,,,
2014,50,"1048","fatgrass","Elymus lanceolatus",0,175,65,-10,-10,0,FALSE,12,18,7,0,1,,,
2014,50,"1049","ERIUMB","Eriogonum umbellatum",0,10,185,-10,-10,0,FALSE,38,2,9,0,1,,,
2014,50,"1680","ERIUMB","Eriogonum umbellatum",0,5,4,-10,-10,0,FALSE,2,1,0,0,1,,,
2014,50,"2362","Phacelia hastata","Phacelia hastata",0,11,181,10,0,0,FALSE,4,3,0,0,1,,,
